home,721
bedroom,580
bathroom,559
2,556
room,544
new,433
floor,432
full,322
kitchen,306
space,293
basement,287
ha,278
living,256
garage,243
3,235
family,220
large,216
level,208
1,201
car,191
offer,171
spacious,169
property,161
dining,156
hardwood,155
feature,154
finished,154
brick,151
area,149
perfect,147
appliance,143
throughout,141
second,137
4,135
walk,132
window,131
main,120
great,119
backyard,117
updated,117
beautiful,115
storage,111
park,111
stainless,109
closet,109
open,109
countertop,108
yard,105
laundry,102
steel,100
half,99
first,98
additional,96
located,96
house,95
custom,93
modern,93
cabinet,92
well,91
door,91
school,88
opportunity,86
ceiling,82
chicago,82
lot,79
roof,78
flooring,78
shopping,78
5,74
deck,74
access,74
light,74
brand,73
entertaining,72
today,70
boast,69
water,69
ample,68
sold,68
fenced,67
bar,66
built,66
close,66
make,66
newer,66
step,65
separate,65
fireplace,65
huge,64
fully,64
transportation,64
private,63
also,63
location,63
quartz,62
neighbourhood,62
welcome,61
bungalow,61
featuring,60
lower,60
ready,60
front,60
shower,59
including,58
furnace,58
plenty,57
tile,57
back,57
buyer,57
miss,56
patio,55
block,55
potential,54
granite,54
enjoy,54
schedule,54
air,54
office,53
convenience,52
rear,52
high,52
offering,52
foot,51
natural,51
complete,50
single,50
renovated,50
easy,50
comfort,50
showing,50
street,49
style,49
ranch,49
master,48
come,48
need,48
see,48
gathering,46
nice,46
suite,45
side,45
move,45
restaurant,45
maintained,45
extra,44
sized,44
recreation,44
plan,44
primary,44
plus,44
system,44
add,44
porch,43
unit,43
eat,43
year,43
island,42
outdoor,41
formal,41
lighting,41
touch,41
plumbing,41
ideal,40
entertainment,40
detached,40
tub,39
square,39
includes,39
minute,39
youll,38
w,38
oversized,38
top,38
line,38
hot,38
newly,38
gorgeous,38
beautifully,37
dream,37
much,37
cabinetry,36
find,36
stunning,36
guest,36
story,35
sink,35
size,35
parking,35
remodeled,35
charming,35
double,34
include,34
provides,34
heart,34
washer,33
dryer,33
outside,33
heater,33
cozy,33
public,33
white,33
central,33
wa,33
electrical,33
recently,32
owner,32
pantry,32
finish,32
luxury,31
drive,31
every,31
convenient,31
nestled,31
seller,31
unfinished,30
must,30
conditioner,30
charm,30
bright,29
interior,29
inside,29
time,29
amenity,29
renovation,29
center,29
fixture,28
multiply,28
quiet,28
tree,28
work,28
walking,28
near,28
city,28
backsplash,28
wet,27
breakfast,27
concrete,27
wood,27
fourth,27
gem,27
update,27
providing,27
enclosed,27
distance,27
added,26
away,26
6,26
vanity,26
hvac,26
concept,26
rehabbed,26
inviting,26
investor,26
many,26
residence,26
upstairs,26
glass,26
design,25
another,25
painted,25
used,25
wall,25
condition,25
solid,25
conveniently,25
classic,25
tax,25
discover,24
situated,24
amazing,24
right,24
counter,24
chef,24
fridge,24
long,24
attic,24
looking,24
investment,24
ceramic,24
exterior,24
tank,24
third,23
2023,23
lined,23
raised,23
freshly,23
possibility,23
within,23
oak,23
available,23
completely,23
contemporary,23
lead,22
like,22
bonus,22
generous,22
blend,22
south,22
community,22
relaxation,22
metra,22
market,22
elegance,22
detail,22
provide,21
wide,21
along,21
shore,21
expressway,21
experience,21
everything,21
equipped,21
c,21
sale,21
construction,21
vinyl,21
upper,21
expansive,21
could,21
shop,21
original,21
ensuite,20
best,20
rehab,20
day,20
privacy,20
upgrade,20
greeted,20
adorned,20
making,20
meticulously,20
fence,20
call,20
highly,20
option,20
creating,19
beauty,19
height,19
lovely,19
ton,19
nearby,19
downtown,19
meal,19
ensuring,19
utility,19
west,19
1000,19
end,19
place,18
10,18
heated,18
addition,18
oasis,18
summer,18
chance,18
lifestyle,18
excellent,18
sought,18
short,18
endless,18
last,18
check,18
electric,18
siding,18
old,18
installed,18
seamlessly,17
designed,17
corner,17
attached,17
boasting,17
copper,17
90,17
94,17
love,17
care,17
layout,17
bring,17
idea,17
shaker,17
elegant,16
view,16
soaking,16
big,16
gleaming,16
georgian,16
unique,16
relaxing,16
set,16
vibrant,16
north,16
desirable,16
comfortable,16
estate,16
present,16
retreat,16
included,16
recent,16
priced,16
sell,16
month,16
culinary,15
flow,15
luxurious,15
rooftop,15
wonderful,15
generously,15
let,15
spa,15
massive,15
look,15
historic,15
next,15
station,15
cape,15
heat,15
stone,15
thoughtfully,15
2022,15
please,15
atmosphere,15
staircase,15
awaits,15
good,15
timeless,15
around,15
sun,15
value,15
security,15
versatile,14
law,14
2021,14
hookup,14
functionality,14
stylish,14
done,14
sunny,14
trail,14
canvas,14
refinished,14
needed,14
waiting,14
appeal,14
cod,14
gas,14
lake,14
dual,14
carpet,14
seating,14
e,14
exceptional,13
enormous,13
designer,13
panel,13
avenue,13
fresh,13
additionally,13
quality,13
mind,13
beverly,13
personal,13
tender,13
loving,13
whether,13
prime,13
way,13
warm,13
estimated,13
low,13
hosting,12
appointed,12
foyer,12
create,12
heating,12
landscaped,12
driveway,12
sleek,12
skylight,12
agent,12
jacuzzi,12
adding,12
friend,12
gardening,12
true,12
rare,12
stove,12
warmth,12
get,12
wont,12
garden,12
want,12
closing,12
9,12
42,12
multiple,12
den,12
stair,12
appointment,12
cash,12
fan,12
exquisite,11
vaulted,11
totally,11
elementary,11
spot,11
activity,11
listing,11
2020,11
across,11
whole,11
curb,11
partially,11
etc,11
character,11
youre,11
incredible,11
may,11
recessed,11
warranty,11
viewing,11
currently,11
ask,11
attention,11
marble,11
even,11
abundant,11
adjacent,10
entire,10
overlooking,10
downstairs,10
easily,10
clean,10
30,10
dishwasher,10
12,10
blue,10
notice,10
paint,10
simply,10
store,10
table,10
0,10
project,10
train,10
bed,10
mudroom,10
service,10
entertain,10
credit,10
proximity,10
efficiency,10
party,10
porcelain,10
rent,10
7,10
exit,10
life,10
vintage,10
pullman,10
fha,10
wow,10
tenant,10
auction,10
relax,9
11,9
butler,9
fifth,9
ultimate,9
nothing,9
oven,9
enough,9
entry,9
leading,9
library,9
peace,9
cta,9
made,9
grocery,9
split,9
accent,9
fantastic,9
humboldt,9
list,9
lawn,9
east,9
replaced,9
airy,9
district,9
price,9
inch,9
trim,9
pump,9
200,9
amp,9
meet,9
100,9
total,9
local,9
20,9
filled,9
sophistication,9
occupied,9
survey,9
finishing,9
blind,9
redone,9
maintenance,9
appreciate,9
real,9
balcony,9
broker,9
serene,9
buy,9
note,9
2019,9
homeowner,9
loan,9
tranquil,9
television,9
rental,9
enter,8
craftsmanship,8
mechanicals,8
show,8
maple,8
pool,8
greenwood,8
selling,8
arrangement,8
storey,8
overlook,8
jefferson,8
truly,8
commuter,8
versatility,8
would,8
enjoying,8
facade,8
alley,8
art,8
subway,8
take,8
purchase,8
setting,8
wine,8
absolutely,8
embrace,8
converted,8
play,8
led,8
gutter,8
range,8
explore,8
energy,8
laminate,8
related,8
accessible,8
commuting,8
state,8
building,8
welcoming,7
enjoyment,7
feel,7
steam,7
covered,7
urban,7
eating,7
pad,7
8,7
23,7
picturesque,7
gracious,7
friendly,7
chatham,7
constructed,7
breeze,7
suit,7
recreational,7
boiler,7
bike,7
picture,7
mount,7
2024,7
exudes,7
live,7
vision,7
disappointed,7
secure,7
financing,7
stay,7
attractive,7
developer,7
promise,7
package,7
abundance,7
host,7
loft,7
income,7
sump,7
stop,7
sits,7
sliding,7
sunlight,7
upon,7
pill,7
hill,7
sanctuary,7
current,7
stately,7
doe,7
paid,7
customization,7
shed,7
imagine,7
sitting,7
ground,7
nicely,7
river,7
hard,7
sidewalk,7
soft,7
awaiting,7
606,7
tankless,7
starter,7
impressive,6
serve,6
beverage,6
grand,6
austin,6
3000,6
24,6
gut,6
improvement,6
waterfall,6
railing,6
zoned,6
tour,6
irving,6
span,6
await,6
obama,6
already,6
spread,6
via,6
outdoors,6
proof,6
money,6
ownership,6
little,6
town,6
aesthetic,6
client,6
deal,6
equity,6
pet,6
seeking,6
nook,6
course,6
prepare,6
complemented,6
carpeting,6
edgebrook,6
allowing,6
restored,6
french,6
2016,6
woodwork,6
dedicated,6
practicality,6
pergola,6
head,6
50,6
bay,6
cook,6
traditional,6
hood,6
grilling,6
opener,6
blank,6
highway,6
offered,6
special,6
turn,6
less,6
lender,6
red,6
upgraded,6
moment,6
creative,6
major,6
court,6
completed,6
adjoining,6
club,6
growing,6
drain,6
perfectly,6
combine,6
dry,6
cultural,6
favorite,6
smart,6
term,6
approved,6
go,6
occupant,6
repair,6
tandem,6
enthusiast,5
showcase,5
logan,5
2018,5
22,5
powder,5
15,5
professionally,5
box,5
either,5
epoxy,5
thermostat,5
bucktown,5
gone,5
owned,5
gourmet,5
forest,5
night,5
iron,5
previously,5
pride,5
facility,5
expansion,5
transform,5
thermador,5
build,5
sprawling,5
western,5
theatre,5
updating,5
start,5
skyway,5
redesigned,5
small,5
casual,5
evening,5
gym,5
thats,5
captivating,5
peninsula,5
michigan,5
cost,5
round,5
environment,5
flood,5
molding,5
decorative,5
desired,5
bell,5
plank,5
piece,5
modernized,5
golf,5
highest,5
due,5
entering,5
burning,5
ensures,5
tasteful,5
dinner,5
prorated,5
rich,5
rarely,5
use,5
past,5
camera,5
25,5
sky,5
hour,5
resident,5
subject,5
undergone,5
row,5
bank,5
contact,5
u,5
extended,5
preferred,5
payment,5
fun,5
midway,5
tastefully,5
yet,5
bottom,5
surrounded,5
remodel,5
cooking,5
microwave,5
calling,5
airport,5
savvy,5
bosch,5
frameless,5
desire,5
kid,5
almost,5
landscaping,5
effortlessly,5
203,5
norwood,5
better,5
keep,5
indulge,5
color,5
everyday,5
shelf,5
board,5
university,5
hardware,5
delight,5
abode,5
seamless,5
larger,5
run,5
still,5
lease,5
begin,4
premium,4
remarkable,4
immediately,4
direct,4
andersonville,4
cathedral,4
completes,4
cooktop,4
pavers,4
enhance,4
shade,4
fencing,4
california,4
choice,4
entrance,4
ascending,4
durable,4
prep,4
element,4
tear,4
gfa,4
rated,4
fabulous,4
hermosa,4
fund,4
accompanied,4
coveted,4
morgan,4
overall,4
flexibility,4
delightful,4
development,4
shine,4
venture,4
opulent,4
millwork,4
bus,4
item,4
workout,4
interstate,4
daily,4
fell,4
forever,4
tiled,4
studio,4
playroom,4
bth,4
peaceful,4
fall,4
sweet,4
frame,4
journey,4
hidden,4
village,4
approximately,4
hold,4
beach,4
motivated,4
member,4
pella,4
preserved,4
meticulous,4
18,4
control,4
opening,4
sizable,4
organizer,4
wait,4
whistle,4
ambiance,4
quick,4
orange,4
bd,4
since,4
calumet,4
neighbour,4
cooling,4
count,4
belmont,4
really,4
permit,4
alarm,4
insulated,4
allows,4
stool,4
sound,4
speaker,4
eye,4
require,4
minimum,4
super,4
invite,4
stained,4
transformed,4
sleeping,4
grant,4
loved,4
paying,4
green,4
mortgage,4
information,4
customized,4
reflect,4
exemption,4
whirlpool,4
pilsen,4
scenic,4
several,4
cedar,4
date,4
nightlife,4
reduced,4
efficient,4
beckons,4
enhances,4
wiring,4
although,4
archer,4
va,4
conventional,4
popular,4
basketball,4
variety,4
sense,4
sub,4
kept,4
tucked,4
give,4
considered,4
thoughtful,4
unwind,4
turnkey,4
samsung,4
stand,4
interest,4
avondale,4
epitome,4
woodlawn,4
refined,4
striking,4
envision,4
enchanting,4
forget,4
museum,4
black,4
beyond,4
testament,4
route,4
surround,4
share,4
crown,4
wired,4
vehicle,4
residential,4
onto,4
jetted,4
inspection,4
polished,4
accommodation,4
cared,4
underwent,4
grill,4
structure,4
pvt,4
thought,3
proceed,3
hall,3
entertainer,3
connects,3
slip,3
craftsman,3
brought,3
impress,3
left,3
l,3
grade,3
adorable,3
architecture,3
wolf,3
mature,3
pendant,3
murphy,3
cool,3
playground,3
subdivision,3
freestanding,3
bathtub,3
sunshine,3
future,3
essential,3
surface,3
piping,3
streaming,3
march,3
pm,3
faucet,3
savor,3
125,3
sfh,3
thermal,3
approval,3
earnest,3
insurance,3
leaving,3
final,3
stretch,3
57,3
upside,3
gazebo,3
retail,3
sunroom,3
diamond,3
throw,3
remaining,3
knock,3
june,3
fair,3
reach,3
game,3
barbecue,3
promising,3
embark,3
extraordinary,3
roscoe,3
substantial,3
walkway,3
grassy,3
16,3
effortless,3
notable,3
durability,3
relish,3
unwinding,3
together,3
shutter,3
created,3
restoration,3
parlor,3
brown,3
radiant,3
port,3
overhead,3
mt,3
body,3
coming,3
surrounding,3
shelving,3
roomy,3
lovingly,3
intimate,3
paver,3
chic,3
optional,3
contract,3
disclosure,3
tailored,3
mere,3
drenched,3
bronzeville,3
campus,3
anyone,3
act,3
wooden,3
contains,3
illuminate,3
ring,3
stamped,3
extremely,3
photo,3
magnificent,3
13,3
medium,3
hang,3
ago,3
remote,3
personalization,3
period,3
expires,3
worry,3
soon,3
washington,3
architectural,3
heritage,3
spectacular,3
quarter,3
one,3
accommodate,3
mud,3
affordable,3
englewood,3
apply,3
program,3
rented,3
qualify,3
10000,3
awesome,3
drywall,3
foreclosure,3
setup,3
border,3
sprinkler,3
bowl,3
deep,3
separated,3
ease,3
accessibility,3
installation,3
adt,3
gate,3
kind,3
interested,3
imagination,3
entryway,3
age,3
introducing,3
functional,3
galore,3
person,3
ever,3
insulation,3
combined,3
flat,3
gated,3
gold,3
dramatic,3
country,3
fix,3
paved,3
field,3
police,3
safety,3
flip,3
cherry,3
pane,3
impeccable,3
cooler,3
ashburn,3
pulaski,3
masterpiece,3
elevate,3
relocating,3
pull,3
anderson,3
2006,3
negotiable,3
2015,3
assessment,3
marianos,3
rate,3
sit,3
beat,3
brewery,3
bakery,3
star,3
captivated,3
exclusive,3
professional,3
edge,3
thanks,3
wealth,3
multi,3
exercise,3
linen,3
completion,3
search,3
lock,3
cafe,3
portfolio,3
horner,3
path,3
allowed,3
process,3
requirement,3
rehabbers,3
world,3
key,3
behind,3
technology,3
commitment,3
integrated,3
cht,3
amount,3
coonley,3
arched,3
bench,3
zone,3
thing,3
active,3
bid,3
removed,3
transit,3
hardie,3
quickly,3
neutral,3
mile,3
revel,3
showcasing,3
riverfront,3
winter,3
previous,3
seize,3
detailed,3
experienced,3
com,3
dont,2
combination,2
moving,2
ascend,2
american,2
seat,2
jack,2
n,2
jill,2
sixth,2
curated,2
fannie,2
mae,2
roughed,2
width,2
exciting,2
european,2
floating,2
timbertech,2
flower,2
slate,2
kohler,2
function,2
weather,2
hunter,2
douglas,2
breathtaking,2
mini,2
featured,2
lakeshore,2
mayfair,2
reconfigured,2
replacement,2
preserve,2
suburb,2
extends,2
submitted,2
monday,2
wonderfully,2
refreshed,2
bathed,2
child,2
b,2
clearance,2
overlooked,2
flex,2
impeccably,2
gresham,2
brainerd,2
mall,2
foam,2
stucco,2
northwest,2
apron,2
former,2
turned,2
condo,2
cant,2
rough,2
lucrative,2
smith,2
styled,2
laid,2
power,2
outlet,2
early,2
mid,2
april,2
builder,2
unparalleled,2
customer,2
commute,2
weekend,2
customize,2
grass,2
youve,2
movie,2
choose,2
comprehensive,2
transition,2
chapter,2
audubon,2
array,2
poised,2
3100,2
tech,2
plush,2
electricity,2
chair,2
willing,2
prepared,2
illuminating,2
highlighting,2
pristine,2
reliability,2
tranquility,2
apartment,2
express,2
per,2
expanded,2
edgewater,2
plantation,2
flooded,2
mechanical,2
marvin,2
peterson,2
ridge,2
victorian,2
history,2
proudly,2
carport,2
material,2
free,2
standing,2
sprayer,2
cherished,2
personalized,2
55,2
craft,2
taken,2
invested,2
received,2
al,2
fresco,2
ford,2
soak,2
review,2
socializing,2
glory,2
converting,2
study,2
limited,2
tone,2
couldnt,2
lsd,2
conversion,2
morning,2
coffee,2
containing,2
nest,2
guard,2
booster,2
tall,2
dark,2
gather,2
mounted,2
desk,2
tuckpointing,2
deposit,2
accept,2
escalation,2
clause,2
required,2
connection,2
allure,2
quaint,2
bone,2
modernization,2
maximize,2
consider,2
memory,2
remember,2
cannot,2
crains,2
consist,2
7500,2
chase,2
amazed,2
bbqs,2
proration,2
2010,2
extension,2
brightly,2
lit,2
assistance,2
beam,2
surveillance,2
oh,2
bill,2
suitable,2
cragin,2
brickyard,2
breaker,2
gray,2
40,2
woodburning,2
enjoys,2
masonry,2
refurbished,2
stain,2
pine,2
various,2
furniture,2
lakefront,2
lincoln,2
housing,2
restriction,2
notch,2
completing,2
balance,2
thriving,2
visually,2
highlight,2
walnut,2
overhaul,2
entirely,2
homebuyers,2
appealing,2
requires,2
bit,2
serious,2
expertise,2
rogers,2
sleep,2
workshop,2
distinct,2
bursting,2
disappoint,2
extend,2
someone,2
stage,2
missed,2
limitless,2
book,2
acquire,2
handsome,2
limestone,2
sunken,2
bucktowns,2
boutique,2
secret,2
tri,2
portable,2
maytag,2
shape,2
manicured,2
giving,2
unobstructed,2
dead,2
traffic,2
unfold,2
chief,2
hasnt,2
cohesive,2
reasonable,2
fascia,2
expandable,2
glen,2
neighborhood,2
prior,2
established,2
coffered,2
bamboo,2
exposed,2
150,2
majority,2
lastly,2
standard,2
bigger,2
appears,2
saving,2
sutherland,2
result,2
boulevard,2
centered,2
hanging,2
century,2
corridor,2
getting,2
schiller,2
crafted,2
opulence,2
pocket,2
award,2
winning,2
taft,2
busy,2
drawer,2
vent,2
2013,2
gallon,2
hwh,2
immediate,2
possession,2
historical,2
stunner,2
landmark,2
sunset,2
soaring,2
carefully,2
combo,2
dazzle,2
organized,2
spiral,2
improved,2
sushi,2
science,2
industry,2
pinnacle,2
mesmerizing,2
queen,2
townhome,2
reading,2
dog,2
styling,2
column,2
barbeque,2
merges,2
lie,2
unbeatable,2
enduring,2
hobby,2
generational,2
2400,2
licensed,2
stroll,2
connected,2
inspired,2
wish,2
talk,2
2017,2
gloss,2
outfitted,2
turf,2
remark,2
cha,2
computer,2
dimension,2
48,2
arrive,2
paradise,2
fire,2
grace,2
belonging,2
penthouse,2
zoning,2
f,2
immaculate,2
become,2
deli,2
plaza,2
framed,2
dan,2
ryan,2
revamped,2
memorable,2
aspiring,2
using,2
endeavor,2
reflects,2
noteworthy,2
enhancing,2
eligible,2
livable,2
paneled,2
quartzite,2
farmhouse,2
running,2
attraction,2
presenting,2
enrollment,2
boundary,2
part,2
facing,2
directly,2
disturb,2
online,2
wooded,2
food,2
jackson,2
catching,2
boost,2
flexible,2
loaded,2
architect,2
company,2
slated,2
crisp,2
approach,2
iconic,2
banquet,2
rehabilitation,2
cable,2
whatever,2
burner,2
afternoon,2
14,2
walgreens,2
starbucks,2
hurry,2
indiana,2
pleasure,2
aesthetically,2
pleasing,2
modernity,2
layer,2
dimmable,2
waterproof,2
wi,2
fi,2
emd,2
whichever,2
greater,2
5000,2
type,2
ravenswood,2
damage,2
diligence,2
semi,2
tray,2
barn,2
terminal,2
outstanding,2
presented,2
unpack,2
seperate,2
provided,2
minimal,2
contractor,2
however,2
save,2
proud,2
95,2
lincolnsquare,2
assigned,2
tuckpointed,2
225000,2
1994,2
potentially,2
coupled,2
accented,2
help,2
centrally,2
ohare,2
fine,2
cookout,2
breath,2
team,2
accessed,2
75,2
prestigious,2
support,2
invest,2
change,2
win,2
sumptuous,1
descending,1
encounter,1
refrigerator,1
composite,1
decking,1
resplendent,1
rosehill,1
abi,1
expansiveness,1
shaped,1
commercial,1
sensational,1
loading,1
america,1
exceptionally,1
homepath,1
5062,1
stripped,1
magazine,1
worthy,1
17,1
drapery,1
antonio,1
lupi,1
ernestomeda,1
gaggenau,1
induction,1
convection,1
miele,1
subzero,1
sustainable,1
metal,1
lattice,1
drip,1
irrigation,1
zen,1
equally,1
rain,1
handcrafted,1
jason,1
lewis,1
dressing,1
inclement,1
workbench,1
uv,1
protective,1
coating,1
trane,1
goethe,1
overwhelming,1
milwaukee,1
treated,1
schorsch,1
hgtv,1
dusable,1
4000,1
whipping,1
continues,1
working,1
protection,1
enclosure,1
older,1
grammar,1
lagoon,1
foster,1
lawrence,1
requesting,1
eighteenth,1
infusing,1
celebrating,1
milestone,1
q,1
title,1
harwood,1
portage,1
fixer,1
blackwelder,1
forced,1
auburn,1
ajadcent,1
branch,1
strip,1
sea,1
homey,1
checkerboard,1
growth,1
untapped,1
v,1
capitalize,1
unlock,1
humbolt,1
4400,1
thatll,1
mouth,1
agape,1
wherever,1
banquette,1
herringbone,1
tiling,1
hose,1
bib,1
spinning,1
j,1
segnatore,1
flying,1
saucer,1
involved,1
delivery,1
spring,1
lukaven,1
bringing,1
northshore,1
wilmette,1
glenview,1
highland,1
punch,1
developing,1
dethatched,1
240,1
preapproval,1
outing,1
elm,1
section,1
ability,1
continue,1
incus,1
cut,1
saturday,1
searching,1
impressed,1
proportion,1
abound,1
spent,1
alfresco,1
redevelopment,1
undertake,1
develop,1
enthralling,1
seasoned,1
gracefully,1
paving,1
discreetly,1
emerges,1
lively,1
throbbing,1
adorning,1
inherent,1
undertaking,1
eagerly,1
artistic,1
encompassing,1
r,1
bow,1
theater,1
nile,1
rainbow,1
cascading,1
went,1
2007,1
refreshment,1
maintains,1
integrity,1
enlarged,1
33,1
163,1
luxuriously,1
portioned,1
navien,1
historically,1
accurate,1
hung,1
twentieth,1
gethsemane,1
1894,1
cove,1
dormer,1
wrap,1
addison,1
cbs,1
baseboard,1
brazilian,1
brights,1
wrought,1
case,1
frontage,1
quite,1
dr,1
sewer,1
wowzers,1
soaker,1
text,1
natalie,1
hanik,1
niche,1
displaying,1
collectible,1
tilework,1
dinette,1
320,1
simulator,1
social,1
wednesday,1
durkin,1
chilly,1
delighted,1
maintain,1
bishop,1
stile,1
1574,1
estimate,1
unto,1
venturing,1
expands,1
arise,1
reaping,1
benefit,1
push,1
reviewed,1
followed,1
whopping,1
5163,1
hammock,1
iit,1
valued,1
immaculately,1
7000,1
53,1
132,1
26,1
floodlight,1
97,1
27,1
drywalled,1
tracking,1
pressure,1
cahill,1
contrasted,1
lighted,1
treatment,1
pedistal,1
taccent,1
liner,1
metered,1
connect,1
hiawatha,1
serving,1
preference,1
commission,1
relative,1
negotiate,1
anytime,1
percent,1
clearing,1
amidst,1
1949,1
primed,1
resale,1
rezoning,1
transforming,1
6141,1
meade,1
ave,1
delivered,1
prefers,1
newest,1
wrightwood,1
turning,1
1200,1
productivity,1
settle,1
lasting,1
reality,1
decorator,1
beaten,1
handmade,1
specifically,1
insert,1
perennial,1
recognized,1
wgn,1
trickled,1
transom,1
turtle,1
dragonfly,1
preparing,1
lunch,1
firsthand,1
solar,1
mixture,1
fir,1
yeah,1
6000,1
missing,1
applied,1
certificate,1
error,1
adjusment,1
30000,1
bellow,1
appraised,1
craigin,1
stack,1
41,1
shingle,1
heavy,1
odor,1
response,1
honey,1
spray,1
ideally,1
bridgeport,1
halsted,1
metro,1
valuable,1
curtain,1
characterized,1
scaping,1
timelessly,1
workspace,1
32,1
knotty,1
asking,1
cutoff,1
500,1
mohawk,1
3200,1
thick,1
stonework,1
ductless,1
optimize,1
extensively,1
zoo,1
clybourn,1
walkable,1
british,1
franklin,1
catherine,1
lasalle,1
language,1
latin,1
120,1
ami,1
whip,1
delicious,1
surprise,1
gompers,1
samuel,1
knocking,1
planning,1
holiday,1
signed,1
1018,1
lawndale,1
evident,1
landscape,1
mulch,1
impression,1
butcher,1
connecting,1
priority,1
assurance,1
robustly,1
swift,1
transaction,1
strategically,1
prompt,1
refurbishment,1
encourage,1
visit,1
victorina,1
newsome,1
portion,1
named,1
customizing,1
suited,1
varnished,1
soundproof,1
given,1
send,1
9914,1
calhoun,1
handyman,1
piotrowski,1
remodeling,1
sparkle,1
deluxe,1
chute,1
suburban,1
glamour,1
individual,1
excitement,1
inspire,1
engineered,1
mk,1
covering,1
pathway,1
independence,1
tradition,1
solidity,1
kick,1
started,1
2009,1
2500,1
canned,1
privately,1
spaciousness,1
joined,1
midtown,1
maybe,1
2000,1
obvious,1
parquet,1
wonderland,1
centennial,1
neighboring,1
heighten,1
strong,1
replacing,1
maintenence,1
supply,1
mower,1
tool,1
straight,1
instead,1
maneuver,1
tiny,1
velvety,1
greenbelt,1
breathing,1
bathe,1
reducing,1
non,1
keeping,1
tennis,1
soccer,1
regional,1
gifted,1
academy,1
literally,1
retired,1
judge,1
officer,1
belonged,1
president,1
fraternal,1
order,1
amber,1
visibility,1
hue,1
measure,1
motion,1
sensor,1
prewired,1
brink,1
necessary,1
generally,1
spirit,1
accidentally,1
ajar,1
everywhere,1
fancy,1
priceless,1
possible,1
cosmetic,1
giant,1
dated,1
irreplaceable,1
baking,1
foundation,1
amazingly,1
wainscotting,1
land,1
modernly,1
egress,1
hook,1
ups,1
maximum,1
secondary,1
glance,1
nicest,1
htw,1
confort,1
leave,1
focus,1
wasnt,1
proofed,1
idylic,1
juxtaposed,1
fibonacci,1
series,1
refers,1
pattern,1
motorized,1
panoramic,1
lounge,1
chicagoans,1
armitage,1
describes,1
consists,1
playfield,1
redefined,1
fusion,1
bold,1
immerse,1
21,1
rafter,1
mirrored,1
therapeutic,1
remains,1
shoot,1
1998,1
2011,1
seriously,1
typical,1
crawl,1
1970,1
worker,1
cottage,1
national,1
1884,1
handrail,1
spindle,1
moveable,1
1088,1
124,1
folding,1
loop,1
un,1
inlaw,1
mention,1
stunningly,1
ukranian,1
taste,1
definition,1
comforted,1
job,1
might,1
man,1
cave,1
hardy,1
pavement,1
brewing,1
goose,1
ontour,1
forbidden,1
root,1
publican,1
mariscos,1
yuzu,1
valve,1
shown,1
80,1
jane,1
addams,1
enveloped,1
enchanted,1
beacon,1
adventure,1
personalize,1
captivate,1
resort,1
surroundings,1
enviable,1
prominent,1
educational,1
institution,1
richness,1
utmost,1
redefines,1
flooding,1
accommodating,1
king,1
pampering,1
among,1
multimillion,1
dollar,1
visiting,1
stopping,1
couch,1
temperature,1
controlled,1
cooked,1
sunrise,1
sunbathe,1
kiddos,1
harmoniously,1
confines,1
smooth,1
serf,1
continuing,1
indoors,1
yellow,1
diverse,1
exploring,1
crafting,1
advantage,1
remarkably,1
37,1
huntington,1
illinois,1
deering,1
dwelling,1
transitioning,1
linear,1
enfolded,1
aluminum,1
towards,1
millennial,1
sfhs,1
trend,1
beaubien,1
cabin,1
vacation,1
teenage,1
caliber,1
textured,1
middle,1
skyline,1
hand,1
scraped,1
thalia,1
jumping,1
bean,1
rabanitos,1
alulu,1
casa,1
del,1
pueblo,1
pink,1
vacant,1
8400,1
carpenter,1
message,1
concerning,1
1663,1
350,1
400,1
cashflow,1
verify,1
confirmation,1
confidence,1
3700,1
oodles,1
classy,1
towering,1
swanky,1
av,1
human,1
legged,1
312,1
zip,1
embody,1
alongside,1
soffit,1
4687,1
5019,1
van,1
buren,1
290,1
finance,1
ensure,1
preparation,1
marvelous,1
protected,1
lavishly,1
finest,1
welcomed,1
architecturally,1
captivates,1
treetop,1
lofty,1
usable,1
knowledge,1
confirm,1
wicker,1
58,1
grey,1
got,1
higher,1
unforgettable,1
wise,1
never,1
toilet,1
john,1
garvy,1
eisenhower,1
amc,1
norridge,1
cucina,1
biagio,1
nami,1
rocco,1
vino,1
palace,1
portillos,1
twin,1
gyro,1
ez,1
burlington,1
abc,1
sandys,1
harlem,1
ridgemoor,1
dunham,1
robert,1
gutted,1
golden,1
complimented,1
backed,1
lifetime,1
jumbo,1
normandy,1
blending,1
enhancement,1
secured,1
radiates,1
rest,1
rejuvenation,1
epitomizes,1
permeates,1
beneath,1
creates,1
freeway,1
balancing,1
thank,1
bathing,1
chandelier,1
detatched,1
guaranteeing,1
glow,1
notably,1
marriage,1
substance,1
household,1
resilience,1
moisture,1
season,1
fortunate,1
conveyed,1
arvs,1
230,1
250,1
squatter,1
evicted,1
put,1
cheaper,1
division,1
augusta,1
bloomingdale,1
plentiful,1
brightens,1
herb,1
divide,1
sturdy,1
jewel,1
trust,1
submitting,1
certified,1
occupy,1
principal,1
owns,1
unused,1
skirt,1
esteemed,1
pavered,1
freezer,1
griddle,1
scullery,1
functioning,1
grohe,1
furnance,1
feast,1
culdesac,1
bicycling,1
alternative,1
spared,1
expense,1
6900,1
qualified,1
northcenter,1
campbell,1
3900,1
enters,1
anchored,1
exposure,1
homework,1
winding,1
trellis,1
planter,1
toy,1
amundsen,1
lane,1
depaul,1
welles,1
revere,1
sulzer,1
8557,1
burley,1
tidy,1
comfy,1
problem,1
needing,1
finger,1
washed,1
wash,1
gage,1
page,1
site,1
pursuant,1
processed,1
prohibited,1
sc,1
cab,1
prospective,1
mark,1
candidate,1
billy,1
caldwell,1
face,1
clad,1
terrazzo,1
railed,1
downstair,1
debris,1
allow,1
humidifier,1
fiber,1
speed,1
internet,1
1924,1
longtime,1
dore,1
childhood,1
hale,1
arent,1
reputed,1
34,1
96,1
162,1
gardener,1
without,1
qualifies,1
info,1
seventh,1
cicero,1
responsible,1
removing,1
pouring,1
jump,1
permitted,1
sfr,1
700,1
fast,1
traveled,1
thrilled,1
throughtout,1
beautifyl,1
yoiur,1
poured,1
transformation,1
resulting,1
arbor,1
vitae,1
chimney,1
seen,1
pay,1
homage,1
flag,1
perfection,1
graffiti,1
talented,1
artist,1
artwork,1
static,1
creation,1
gape,1
cps,1
statement,1
feeling,1
catering,1
enticing,1
waterfront,1
upcoming,1
presidential,1
enrichment,1
exploration,1
stony,1
promontory,1
ja,1
7332,1
dante,1
unattached,1
pack,1
touchscreen,1
yoga,1
comp,1
unfished,1
empty,1
nester,1
oversize,1
jet,1
lever,1
ejector,1
stamp,1
justice,1
amaze,1
pop,1
screen,1
spigot,1
necessity,1
urbanism,1
medical,1
hourly,1
week,1
errand,1
pulled,1
mostly,1
mckinley,1
target,1
duplex,1
operated,1
airbnb,1
tesla,1
charging,1
sight,1
homeownership,1
unleash,1
creativity,1
doorstep,1
draw,1
practical,1
matching,1
integrate,1
harmonious,1
palette,1
contributing,1
indoor,1
hardscaping,1
underfoot,1
rejuvenated,1
footprint,1
lush,1
sod,1
backdrop,1
elevates,1
worth,1
name,1
convience,1
entertining,1
showingtime,1
cubby,1
darling,1
basically,1
roll,1
hyde,1
greystone,1
dating,1
columbian,1
exposition,1
reportedly,1
electrician,1
uchicago,1
laboratory,1
solarium,1
smaller,1
workroom,1
intimacy,1
expanding,1
joy,1
myriad,1
cutting,1
eco,1
integrates,1
automation,1
monitor,1
manage,1
consumption,1
smartphone,1
grandeur,1
lazy,1
susan,1
wire,1
basket,1
mirror,1
anti,1
fog,1
ultra,1
oval,1
electricals,1
gravel,1
road,1
bustling,1
4725,1
financed,1
initiative,1
regardless,1
negotiated,1
ofac,1
colossal,1
togetherness,1
2012,1
pylon,1
drilled,1
bedrock,1
riparian,1
dock,1
saw,1
boat,1
ride,1
embellished,1
amish,1
addl,1
seclusion,1
secluded,1
known,1
tight,1
knit,1
biking,1
hiking,1
farmer,1
decide,1
treasure,1
anne,1
repaired,1
beamed,1
handy,1
meaningful,1
conduit,1
1092,1
1958,1
reo,1
reported,1
mold,1
bidding,1
contracting,1
shining,1
roomand,1
elfa,1
retractable,1
awning,1
hi,1
spout,1
sealed,1
blown,1
saying,1
fond,1
farewell,1
reachable,1
utilized,1
fantastically,1
request,1
george,1
unlike,1
anything,1
1800,1
chippewa,1
load,1
worship,1
grocer,1
marvel,1
fernwood,1
kraft,1
movable,1
colored,1
furnish,1
lic,1
accomadations,1
inspected,1
requested,1
1144,1
eager,1
7440,1
oglesby,1
legal,1
demo,1
phase,1
accepts,1
refer,1
harmless,1
agreement,1
albany,1
comparable,1
situation,1
pretty,1
modernizing,1
sprucing,1
54,1
stopper,1
sloped,1
indeed,1
legion,1
winnemac,1
northridge,1
galter,1
swedish,1
hospital,1
passed,1
appraisal,1
lustrous,1
everyone,1
smartest,1
27500,1
9920,1
parnell,1
stability,1
vacancy,1
risk,1
15000,1
reduction,1
98,1
fault,1
municipal,1
lofted,1
circuit,1
arrears,1
settled,1
chicagolands,1
james,1
mccade,1
classical,1
reputation,1
delivering,1
sophisticated,1
streeterville,1
wake,1
fitness,1
reflected,1
greatly,1
wainscoting,1
carrera,1
standouts,1
often,1
except,1
laminated,1
minor,1
continued,1
entrainment,1
arv,1
montclare,1
playing,1
transport,1
issue,1
news,1
though,1
montclarecharm,1
dreamhome,1
carpeted,1
going,1
2427,1
2464,1
2469,1
930,1
opened,1
mantel,1
multilevel,1
filling,1
2008,1
brimming,1
leafy,1
sided,1
luminous,1
routine,1
dye,1
instant,1
sweat,1
nearly,1
strictly,1
shelter,1
keen,1
reinvention,1
tuck,1
pointing,1
800,1
duct,1
cleaned,1
forgivable,1
discounted,1
clock,1
ticking,1
sparkling,1
flowing,1
applianced,1
terrific,1
potentionaly,1
triple,1
personality,1
intricate,1
liking,1
leaf,1
farm,1
1908,1
hutch,1
frpl,1
bead,1
uni,1
birch,1
pear,1
securely,1
cermak,1
aldi,1
binnys,1
association,1
claimed,1
break,1
kitchenette,1
attorney,1
speaks,1
pitched,1
primarily,1
code,1
homebuyer,1
carry,1
livingroom,1
diningroom,1
decent,1
far,1
espresso,1
vessel,1
rustic,1
keyless,1
tell,1
gorgeus,1
totaly,1
elegent,1
upscale,1
bdrooms,1
quart,1
appriciate,1
enjoyable,1
found,1
oozing,1
2148,1
monroe,1
detailing,1
staining,1
flair,1
greets,1
lend,1
airiness,1
fill,1
ambience,1
brightened,1
highlighted,1
wing,1
spend,1
significant,1
tlc,1
1387,1
hamlin,1
1974,1
originally,1
china,1
cement,1
stoop,1
storm,1
hair,1
salon,1
slab,1
1891,1
acclaimed,1
horatio,1
wilson,1
oliver,1
bluestone,1
hallway,1
1300,1
tremendous,1
brayton,1
manor,1
pond,1
ok,1
exquisitely,1
embodies,1
elevating,1
enriched,1
gracing,1
expertly,1
decor,1
centerpiece,1
enhanced,1
impressively,1
rehabilitate,1
premier,1
rock,1
interlaced,1
length,1
clay,1
valley,1
tempered,1
moulding,1
johnny,1
weissmuller,1
pas,1
cast,1
ib,1
illuminated,1
bluetooth,1
enabled,1
exhaust,1
listen,1
song,1
form,1
dotted,1
stepping,1
rounding,1
crossing,1
makeover,1
latest,1
reics,1
group,1
generator,1
pleasant,1
pleasantly,1
glowing,1
address,1
eurpoean,1
dunning,1
inlaid,1
nanny,1
ca,1
solution,1
tudor,1
generate,1
profit,1
receive,1
helpful,1
status,1
nation,1
marketplace,1
nationwide,1
470000,1
counting,1
platform,1
event,1
mtm,1
1650,1
monthly,1
termite,1
asphalt,1
concreted,1
underneath,1
sure,1
expose,1
keeper,1
festivity,1
tired,1
lite,1
togethers,1
bag,1
overhang,1
shared,1
