unit,613
2,594
bedroom,495
bathroom,453
1,362
room,353
living,345
space,309
area,278
floor,278
property,257
kitchen,250
ha,234
offer,225
parking,222
home,213
private,195
new,194
closet,183
located,179
dining,177
building,170
open,168
feature,166
3,164
opportunity,158
large,157
view,155
access,143
city,142
pool,141
light,140
location,140
spacious,139
storage,139
appliance,127
ceiling,126
amenity,124
community,124
walk,118
condo,118
park,117
balcony,116
garage,115
residence,111
enjoy,105
center,103
los,103
restaurant,102
perfect,102
foot,101
modern,101
primary,100
spa,98
side,97
window,96
4,96
throughout,95
full,93
square,92
laundry,92
great,91
angeles,91
also,89
guest,88
plus,87
convenience,86
plan,85
fireplace,85
close,84
style,83
natural,83
countertop,83
including,82
level,82
la,81
boast,80
heart,80
suite,79
additional,79
shopping,79
beautiful,77
outdoor,77
hill,77
stainless,76
front,75
second,74
gated,74
within,74
high,73
include,73
well,73
car,73
built,73
patio,72
ample,72
steel,71
24,70
door,70
step,70
away,70
market,69
washer,69
dryer,69
shower,68
separate,68
gym,67
offering,66
featuring,65
security,65
downtown,64
flooring,63
service,63
custom,63
luxury,63
tub,62
top,61
loft,60
fitness,60
situated,60
street,60
updated,59
welcome,59
cabinet,59
remodeled,59
office,59
miss,58
hour,57
wall,57
resident,56
century,56
ensuite,55
prime,55
easy,55
ideal,54
shop,53
provides,53
make,53
buyer,53
includes,53
west,52
half,52
owner,52
corner,52
duplex,52
complex,51
central,51
gas,51
water,51
lifestyle,51
vacant,51
experience,50
income,50
hoa,49
freeway,49
stunning,49
convenient,48
master,48
neighbourhood,48
court,48
like,48
art,47
complete,47
house,47
first,47
tenant,47
south,46
bar,46
investment,46
bright,45
expansive,45
w,45
wood,44
hollywood,44
entertainment,44
beverly,44
best,44
live,43
potential,43
providing,42
lot,42
facing,42
den,42
line,42
nestled,42
privacy,42
lighting,42
hardwood,42
granite,42
comfort,42
rare,42
glass,42
luxurious,41
brand,41
equipped,41
tile,41
near,41
beach,41
rooftop,41
rent,41
end,40
cabinetry,40
air,40
village,40
entertaining,40
interior,40
school,40
minute,40
investor,40
retreat,39
rear,39
double,39
upstairs,39
sought,39
proximity,38
youll,38
inviting,38
sink,38
family,37
main,37
designed,37
wilshire,37
5,36
back,36
boasting,36
conveniently,36
cozy,36
fixture,36
vanity,36
entry,36
lounge,35
concierge,35
year,35
option,35
fully,35
playa,35
valet,34
deck,34
california,34
charming,34
highly,34
inside,34
recently,33
oversized,33
renovated,33
electric,33
courtyard,33
sized,33
vista,33
seamlessly,33
studio,33
tennis,33
price,33
westwood,33
story,33
find,32
place,32
unique,32
exceptional,32
single,32
desirable,31
come,31
quartz,31
creating,31
ready,31
vibrant,31
short,31
terrace,31
adjacent,31
prestigious,31
counter,31
newly,30
assigned,30
plenty,30
blend,30
sauna,30
looking,30
walking,30
distance,30
recessed,30
ensuring,30
designer,30
breakfast,30
station,30
add,30
block,30
dual,30
seller,30
quiet,29
resort,28
barbeque,28
vehicle,28
spot,28
contemporary,28
urban,28
elegant,28
move,28
chance,28
fridge,28
finish,28
site,27
sliding,27
lush,27
tree,27
meticulously,27
layout,27
adu,27
low,26
due,26
wa,26
serene,26
making,26
townhome,26
maintained,26
secure,26
food,25
exclusive,25
tandem,25
call,25
see,25
condominium,25
generous,25
sophistication,25
metro,25
rental,25
elevator,25
ground,25
system,25
ucla,25
huge,25
newer,24
moment,24
blvd,24
time,24
white,24
breathtaking,24
theatre,23
district,23
flow,23
vaulted,23
relaxation,23
trash,23
fantastic,23
generously,23
garden,23
set,23
beautifully,23
unparalleled,23
every,23
marble,23
many,23
centrally,22
gorgeous,22
dog,22
recreation,22
stone,22
covered,22
day,22
along,22
abundance,22
included,22
oak,22
public,22
extra,22
hallway,21
whole,21
secured,21
design,21
detached,21
epitome,21
upgraded,21
elegance,21
size,21
excellent,21
discover,21
avenue,21
gourmet,21
grand,21
upgrade,21
marina,21
painted,21
triplex,21
seamless,20
sleek,20
yard,20
additionally,20
powder,20
added,20
adorned,20
panoramic,20
venice,20
estate,20
atmosphere,20
available,20
addition,20
condition,20
boutique,20
much,20
10,20
penthouse,20
chef,19
coffee,19
world,19
state,19
direct,19
greeted,19
present,19
bonus,19
detail,19
formal,19
delivered,19
transportation,19
lax,19
long,19
sophisticated,19
corridor,19
insurance,19
currently,19
please,19
lovely,19
6,19
mile,19
setting,18
island,18
conditioner,18
must,18
overlooking,18
evening,18
attached,18
sale,18
lead,18
coveted,18
across,18
comfortable,18
entrance,18
wine,18
charging,18
charm,18
used,18
work,18
value,18
real,18
north,18
upper,18
subject,18
soaking,18
stylish,17
laminate,17
concept,17
leading,17
common,17
enclosed,17
showcase,17
tranquil,17
versatile,17
nearby,17
dream,17
today,17
club,17
dedicated,17
conference,17
onsite,17
incredible,17
del,17
rey,17
driveway,17
stand,17
hall,17
dtla,17
major,17
approximately,17
rate,17
bike,17
verify,17
enter,17
installed,16
right,16
outside,16
usc,16
chic,16
cover,16
7,16
enjoying,16
townhouse,16
peaceful,16
ambiance,16
touch,16
roof,16
need,16
appointed,16
exudes,16
gem,16
third,16
earthquake,16
historic,16
drive,16
sold,16
month,16
gate,16
heat,15
doorman,15
friendly,15
bathed,15
fresh,15
paint,15
peace,15
abundant,15
mall,15
exquisite,15
structure,15
guard,15
ocean,15
seating,15
shared,15
landscaping,15
allowing,15
amazing,15
trendy,15
8,15
dishwasher,14
controlled,14
monthly,14
truly,14
surrounded,14
clubhouse,14
breeze,14
thoughtfully,14
priced,14
sunset,14
mind,14
positioned,14
culinary,14
agent,14
freshly,14
take,14
possibility,14
oven,14
fine,14
filled,14
farmer,14
accessible,14
tranquility,14
life,14
apartment,14
control,14
hookup,14
stadium,14
concert,14
utility,14
museum,14
path,14
movie,14
nice,14
per,14
done,14
brentwood,14
gathering,13
true,13
pet,13
youre,13
sparkling,13
swimming,13
medium,13
warm,13
airy,13
total,13
adding,13
relaxing,13
good,13
night,13
plumbing,13
backsplash,13
finest,13
fee,13
impressive,13
indoor,13
popular,13
let,13
heated,13
iconic,13
405,13
mountain,13
occupied,13
construction,13
lake,13
lobby,12
class,12
awaits,12
ultimate,12
green,12
vinyl,12
heating,12
perfectly,12
town,12
plank,12
upon,12
create,12
maintenance,12
array,12
schedule,12
multiple,12
nook,12
seize,12
listing,12
santa,12
monica,12
landmark,12
benefit,12
east,12
lined,12
fountain,12
range,12
showing,12
molding,12
hot,12
lower,12
may,12
san,12
local,12
quality,12
completely,12
griffith,12
golf,12
course,12
little,12
season,12
hub,11
table,11
101,11
sanctuary,11
rise,11
next,11
l,11
hosting,11
backyard,11
ca,11
exterior,11
remarkable,11
use,11
culver,11
wet,11
advantage,11
run,11
trail,11
sherman,11
provide,11
endless,11
famous,11
polished,11
skyline,11
disturb,11
crown,11
deco,11
skylight,11
soaring,11
collection,11
professional,11
information,11
inspection,11
wide,11
original,11
feel,11
want,11
management,11
entertain,11
welcoming,11
could,11
echo,11
rented,11
pay,11
love,10
screening,10
grill,10
sunlight,10
easily,10
sewer,10
surrounding,10
free,10
enhance,10
bustling,10
heater,10
clean,10
downstairs,10
staircase,10
complemented,10
indulge,10
appeal,10
landscaped,10
oasis,10
around,10
southern,10
tower,10
yoga,10
height,10
occupant,10
whether,10
homeowner,10
various,10
architect,10
store,10
user,10
tiled,10
entire,10
event,10
internet,10
c,10
westside,10
architectural,10
desk,10
escrow,10
microwave,10
retail,10
allure,10
hotel,10
sitting,10
constructed,10
storey,10
sun,9
cable,9
canyon,9
attraction,9
doe,9
greenery,9
mid,9
neighborhood,9
melrose,9
strategically,9
facility,9
crafted,9
functionality,9
ownership,9
wonderful,9
beauty,9
combine,9
destination,9
separated,9
daily,9
sense,9
cabana,9
extraordinary,9
reduced,9
thriving,9
renowned,9
star,9
pane,9
bd,9
westfield,9
stove,9
0,9
grocery,9
sits,9
residential,9
business,9
theater,9
photo,9
grove,9
elementary,9
designated,9
flat,9
sign,9
etc,9
cash,9
last,9
personal,9
palisade,9
rich,9
cedar,9
package,8
shutter,8
cultural,8
playground,8
warmth,8
hiking,8
viewing,8
desired,8
stackable,8
recreational,8
enthusiast,8
highlight,8
stair,8
treetop,8
steam,8
jacuzzi,8
ideally,8
round,8
extensive,8
piece,8
upside,8
smart,8
update,8
multi,8
serenity,8
tax,8
ventura,8
manicured,8
disney,8
spectacular,8
20,8
improvement,8
meter,8
portfolio,8
character,8
unwinding,8
sky,8
accuracy,8
age,8
permit,8
record,8
consist,8
way,8
onto,8
ease,8
barbecue,8
confirmation,8
repair,8
made,8
library,8
consists,8
highland,8
permitted,8
led,8
thermostat,8
everything,8
flooded,8
history,8
sweeping,8
electricity,8
seat,8
runway,8
mirrored,8
french,8
13,8
sunshine,7
cooktop,7
ralphs,7
turnkey,7
plantation,7
meeting,7
charger,7
sunny,7
activity,7
waiting,7
neighbour,7
renovation,7
quick,7
carpet,7
host,7
distinctive,7
among,7
larchmont,7
accent,7
fabulous,7
upscale,7
meal,7
get,7
friend,7
opening,7
retrofit,7
airport,7
bring,7
dry,7
sundeck,7
rest,7
current,7
flexibility,7
meet,7
via,7
exploring,7
even,7
savvy,7
mortgage,7
hold,7
essential,7
cafe,7
exciting,7
versatility,7
immediate,7
picturesque,7
bunker,7
acre,7
shaker,7
hvac,7
development,7
code,7
perform,7
provided,7
integrated,7
wolf,7
9,7
fan,7
mirror,7
furnished,7
largest,7
behind,7
probate,7
metered,7
nearly,7
entering,7
maximize,7
observatory,7
embrace,7
without,7
another,7
harbor,7
lounging,7
blair,7
ensures,7
party,7
relax,7
sell,7
110,7
1000,7
acquire,7
dwelling,7
reduction,7
subzero,7
sinai,7
return,7
tokyo,7
law,6
fire,6
premium,6
throw,6
exercise,6
coming,6
childrens,6
2019,6
someone,6
keep,6
look,6
fenced,6
burning,6
tall,6
red,6
enjoyment,6
tour,6
individual,6
copper,6
visitor,6
refined,6
delightful,6
tastefully,6
doorstep,6
kind,6
impeccable,6
maintaining,6
generate,6
seeking,6
offered,6
striking,6
banquet,6
amidst,6
flexible,6
revel,6
sport,6
paramount,6
porch,6
energy,6
sofi,6
morning,6
locker,6
immerse,6
hardware,6
tier,6
2024,6
timeless,6
epitomizes,6
hancock,6
several,6
zoning,6
valley,6
2023,6
country,6
fha,6
75,6
broker,6
developer,6
villa,6
unwind,6
premier,6
closing,6
act,6
combined,6
underground,6
functional,6
sound,6
30,6
overbid,6
50,6
show,6
television,6
deep,6
100,6
recent,6
feliz,6
soft,6
encino,6
directly,6
motivated,6
stay,6
towards,6
cost,6
black,6
palette,6
immediately,6
serve,6
silicon,6
spanish,6
finished,6
2021,6
pacific,6
subterranean,6
known,6
alike,6
self,6
caesarstone,6
small,6
nightlife,6
spiral,6
eat,6
financial,5
bosch,5
tara,5
tarzana,5
play,5
equipment,5
affordable,5
dam,5
ultra,5
summer,5
enjoys,5
waterfall,5
captivating,5
simply,5
pride,5
fixer,5
loving,5
boulevard,5
expense,5
immaculate,5
15,5
connects,5
introducing,5
university,5
effortlessly,5
list,5
shade,5
pico,5
commuting,5
appealing,5
foyer,5
converted,5
old,5
creates,5
overall,5
effortless,5
taste,5
lawn,5
delight,5
enhanced,5
walt,5
serf,5
ball,5
help,5
share,5
electrical,5
combination,5
purchase,5
concrete,5
rail,5
project,5
training,5
guarantee,5
source,5
viking,5
gallery,5
leased,5
future,5
tasteful,5
sub,5
towering,5
fall,5
hidden,5
remodel,5
stream,5
score,5
crypto,5
com,5
arena,5
caesar,5
optimal,5
opposite,5
basketball,5
explore,5
picture,5
fwy,5
silver,5
unobstructed,5
put,5
panel,5
go,5
promise,5
safety,5
surround,5
overlook,5
remark,5
saltwater,5
canal,5
managed,5
shown,5
highest,5
requirement,5
discerning,5
spanning,5
beyond,5
porcelain,5
skyscraper,5
gaggenau,5
gold,5
stop,5
paid,5
rated,5
missed,5
prospect,5
dynamic,5
cinemark,5
historical,5
function,5
check,5
span,5
12,5
koi,5
pond,5
give,5
miele,5
intimate,5
limited,5
restoration,5
enough,5
catering,5
multiply,5
coliseum,5
variety,5
fidm,4
runyon,4
hospital,4
glen,4
canvas,4
hansen,4
210,4
118,4
furnace,4
warranty,4
bbqs,4
mature,4
solid,4
fairfax,4
refreshing,4
bathtub,4
equally,4
apart,4
active,4
soon,4
baseboard,4
faucet,4
travel,4
orange,4
wealth,4
curb,4
tone,4
aesthetic,4
pinnacle,4
conduct,4
tender,4
care,4
beamed,4
required,4
25,4
transition,4
flex,4
enclosure,4
franklin,4
leisure,4
stroll,4
never,4
bathe,4
lutron,4
pilate,4
elevate,4
expo,4
koreatown,4
southeast,4
entryway,4
bespoke,4
dramatic,4
paradise,4
sizable,4
presenting,4
17,4
co,4
op,4
unbeatable,4
select,4
woodland,4
sweet,4
bay,4
generating,4
efficiency,4
occupancy,4
afternoon,4
music,4
staple,4
broad,4
big,4
patrol,4
engineered,4
wiring,4
zoned,4
r,4
growth,4
previously,4
mediterranean,4
bed,4
mix,4
grassy,4
occupy,4
either,4
potentially,4
status,4
fernando,4
van,4
nuys,4
already,4
stunningly,4
connecting,4
ascend,4
ton,4
advised,4
independently,4
concerning,4
northwest,4
special,4
buy,4
robertson,4
wrap,4
term,4
retractable,4
stacked,4
national,4
shelving,4
industrial,4
drawer,4
creek,4
soothing,4
attic,4
fit,4
notch,4
solar,4
carport,4
hearing,4
n,4
start,4
paying,4
coastal,4
lap,4
acclaimed,4
opulence,4
thanks,4
amount,4
key,4
attractive,4
cap,4
memorial,4
speaker,4
atop,4
track,4
freezer,4
blue,4
medicine,4
starter,4
luminous,4
refurbished,4
study,4
released,4
paned,4
organized,4
note,4
safe,4
nicely,4
promenade,4
outdoors,4
pricing,4
contribute,4
enhances,4
practicality,4
stage,4
extends,4
color,4
captivated,4
lavish,4
junior,4
game,4
ge,4
accompanied,4
2009,4
plethora,4
diverse,4
premise,4
ninth,4
lucrative,4
renter,4
golden,4
dodger,4
seasoned,4
40,4
elevated,4
rancho,4
11,4
bottega,4
louie,4
cityscape,4
accessory,4
flood,4
row,4
decorative,4
cook,4
centerpointe,4
camera,4
busy,4
purple,4
appraisal,4
36,4
county,4
mirabella,4
59,4
balboa,4
al,4
fresco,4
tucked,4
nest,4
miracle,4
standing,4
thoughtful,4
enchanting,4
1920,4
practical,4
alta,4
column,4
unrivaled,4
19,4
craftsman,4
financing,4
notable,4
crescent,4
westholme,4
still,4
numerous,4
teramachi,4
burner,3
communal,3
countless,3
pours,3
convert,3
association,3
bus,3
hassle,3
adjoining,3
perk,3
become,3
pull,3
river,3
model,3
face,3
appointment,3
contact,3
2007,3
brea,3
korea,3
placed,3
enhancing,3
stucco,3
comprising,3
arrangement,3
casual,3
adorn,3
meanwhile,3
assurance,3
yet,3
playroom,3
together,3
appreciate,3
extremely,3
seismic,3
baldwin,3
middle,3
length,3
reach,3
stall,3
combo,3
proportioned,3
winnetka,3
larger,3
routine,3
azzurra,3
pied,3
midtown,3
capitalize,3
creative,3
others,3
u,3
taking,3
roomy,3
video,3
invite,3
masterpiece,3
beam,3
eatery,3
venture,3
moreover,3
walkway,3
crew,3
westchester,3
freestanding,3
shine,3
loyola,3
college,3
1000000,3
remaining,3
cool,3
olympic,3
cleaner,3
willing,3
prospective,3
chandler,3
tri,3
commute,3
plentiful,3
tankless,3
toc,3
strategic,3
promising,3
period,3
approved,3
auction,3
22,3
trophy,3
drop,3
road,3
carpeting,3
leisurely,3
consisting,3
past,3
asset,3
upcoming,3
connection,3
vacancy,3
less,3
lowest,3
strong,3
approval,3
completed,3
esteemed,3
culdesac,3
exquisitely,3
ranch,3
starbucks,3
locale,3
appropriate,3
obtained,3
gracious,3
actual,3
famed,3
trust,3
awning,3
treatment,3
mill,3
element,3
fourth,3
extended,3
secondary,3
left,3
international,3
grilling,3
billiards,3
customized,3
abbot,3
lease,3
thursday,3
111,3
90012,3
fund,3
furry,3
speed,3
donald,3
felizs,3
uniquely,3
townhomes,3
award,3
winning,3
found,3
comprised,3
attention,3
evident,3
everyday,3
regard,3
gateway,3
culture,3
waterproof,3
smile,3
southwest,3
loaded,3
crisp,3
tiling,3
producing,3
toilet,3
detector,3
bel,3
treasure,3
alongside,3
loan,3
accentuated,3
efficient,3
keeping,3
picnic,3
bluff,3
35,3
elysian,3
cleaning,3
manitoba,3
redone,3
furniture,3
outfitted,3
accessibility,3
virtual,3
enviable,3
undergone,3
embark,3
exchange,3
bungalow,3
exude,3
professionally,3
coat,3
linen,3
standard,3
brentwoods,3
basement,3
configuration,3
commuter,3
tech,3
company,3
sawtelle,3
dressing,3
manager,3
staged,3
part,3
pas,3
prepare,3
backdrop,3
organization,3
wifi,3
complimentary,3
imagine,3
slip,3
sumptuous,3
conversion,3
number,3
venue,3
seen,3
demographic,3
pasadena,3
vintage,3
chrome,3
bertazzoni,3
owned,3
hope,3
idyllic,3
cute,3
machine,3
soak,3
pedestrian,3
adus,3
separately,3
suit,3
2008,3
furthermore,3
accessed,3
dead,3
expansion,3
substantial,3
burbank,3
impeccably,3
address,3
doc,3
charter,3
limestone,3
process,3
desirability,3
base,3
dinner,3
chilly,3
galley,3
hood,3
mother,3
laminated,3
streaming,3
storefront,3
wallpaper,3
blind,3
european,3
atrium,3
pershing,3
change,3
environment,3
delivery,3
digital,3
field,3
quadruplex,3
power,3
sprawling,3
fun,3
one,3
inspired,3
redesigned,3
lincoln,3
final,3
phase,3
aka,3
ranging,3
steeped,3
martyn,3
lawrence,3
bullard,3
caliber,3
housekeeping,3
imax,3
palais,3
harley,3
pasternak,3
spread,3
enticing,3
radius,3
travertine,3
standalone,3
payment,3
section,3
possible,3
profile,3
seventh,3
trader,3
joes,3
union,3
dtlas,3
post,3
400,3
cannot,3
rose,3
report,3
totaling,3
investigation,3
burton,3
connect,3
coffered,3
fault,3
waterfront,3
essence,3
senior,3
448,3
commercial,3
croft,3
pedro,3
contingency,3
mandatory,3
1300,2
amazon,2
fisher,2
paykel,2
pit,2
kitchenette,2
spectrum,2
toward,2
replaced,2
ago,2
beneath,2
cement,2
attended,2
functioning,2
blank,2
fishing,2
cant,2
worry,2
peacefully,2
showcasing,2
exceptionally,2
relish,2
utmost,2
abound,2
brass,2
barn,2
separation,2
complement,2
rehabbed,2
stepping,2
lends,2
preparation,2
flair,2
dont,2
diligence,2
panorama,2
creativity,2
contain,2
daytime,2
greenbelt,2
scenery,2
operating,2
target,2
choice,2
person,2
fame,2
strip,2
giving,2
pristine,2
northridge,2
terre,2
spared,2
awe,2
immense,2
supplemental,2
heading,2
sandy,2
tremendous,2
increased,2
allows,2
invest,2
kenneth,2
rarely,2
elegantly,2
accented,2
plaster,2
powerful,2
cinema,2
securely,2
beckons,2
irresistible,2
sleeping,2
highlighted,2
henry,2
soaker,2
shaded,2
embodies,2
6031,2
ln,2
fostering,2
comprehensive,2
pest,2
undergoing,2
updating,2
personalize,2
landscape,2
fusion,2
maximizing,2
mere,2
institution,2
marymount,2
clipper,2
westchesters,2
dollar,2
angle,2
stretching,2
receives,2
focal,2
pickle,2
child,2
hair,2
salon,2
placing,2
scene,2
ever,2
gardening,2
grille,2
citrus,2
flowing,2
piping,2
passive,2
proudly,2
entity,2
submitted,2
accepted,2
carthay,2
arch,2
stained,2
member,2
alla,2
1547,2
plush,2
60,2
existing,2
parcel,2
lar,2
eligibility,2
vanowen,2
planned,2
transport,2
train,2
northeast,2
dense,2
least,2
slice,2
excellence,2
seventeenth,2
finishing,2
walker,2
pei,2
compound,2
starting,2
material,2
decadent,2
represent,2
comfy,2
matching,2
secluded,2
bottom,2
using,2
ensure,2
surveillance,2
rolling,2
scale,2
clerestory,2
soho,2
warehouse,2
bavel,2
bestia,2
girl,2
goat,2
majorca,2
chandelier,2
cathedral,2
mahogany,2
head,2
going,2
cooking,2
ivy,2
sunlit,2
accommodates,2
guide,2
alcove,2
massive,2
loading,2
dock,2
bloc,2
figatseventh,2
dimming,2
witness,2
sunrise,2
insulation,2
kinney,2
bid,2
stanley,2
mosk,2
certified,2
pickleball,2
rodeo,2
regatta,2
fingertip,2
beachfront,2
desire,2
29,2
500,2
intersection,2
2020,2
individually,2
typically,2
surface,2
luxe,2
standout,2
serving,2
eagle,2
rock,2
grm,2
pantry,2
hand,2
worship,2
sharp,2
beginning,2
cooler,2
intricate,2
super,2
colorful,2
bench,2
e,2
v,2
calling,2
holmby,2
sacrificing,2
bottle,2
lassens,2
greek,2
atwater,2
kept,2
visual,2
outlet,2
job,2
smoke,2
carbon,2
monoxide,2
tempo,2
enclave,2
3000,2
illuminated,2
interest,2
highway,2
department,2
layer,2
recess,2
solution,2
lofty,2
warner,2
barrington,2
leaving,2
sugarfish,2
chair,2
ordinance,2
moca,2
942,2
bicycle,2
hobby,2
item,2
northern,2
ceramic,2
electronic,2
vons,2
bustle,2
watch,2
match,2
bask,2
beachside,2
orientation,2
splendor,2
beachport,2
sit,2
surroundings,2
calming,2
lighted,2
defined,2
chapter,2
1031,2
ability,2
higher,2
bringing,2
unlike,2
infused,2
pamper,2
mean,2
vicente,2
midst,2
90044,2
everyone,2
gleaming,2
wardrobe,2
macarthur,2
beau,2
styled,2
un,2
boundary,2
count,2
policy,2
remains,2
guarded,2
action,2
architecture,2
1610,2
integrates,2
kohler,2
exposure,2
suitable,2
virtually,2
regent,2
modernity,2
grandeur,2
sens,2
juliet,2
ritz,2
carlton,2
billiard,2
leave,2
claim,2
redefine,2
murphy,2
firepit,2
say,2
cosmetic,2
alicante,2
mention,2
basic,2
visit,2
pm,2
mesmerizing,2
42,2
significant,2
young,2
consistent,2
coolest,2
accentuate,2
malibu,2
bordering,2
tjh,2
unturned,2
frigidaire,2
notice,2
factor,2
type,2
swim,2
46,2
lit,2
angeless,2
adam,2
possibly,2
progress,2
mini,2
split,2
reveals,2
leaf,2
overlooked,2
wonder,2
changing,2
cheerful,2
feeling,2
serenade,2
partially,2
continued,2
social,2
11000,2
housing,2
edge,2
exclusivity,2
bank,2
read,2
hike,2
palm,2
welcomed,2
peninsula,2
slider,2
refinished,2
absolutely,2
floating,2
4000,2
4959,2
mth,2
american,2
enjoyed,2
snaidero,2
almost,2
request,2
monday,2
1350,2
grey,2
clothes,2
resource,2
walkability,2
juniper,2
scenic,2
pad,2
gabriel,2
toluca,2
gone,2
queen,2
anne,2
millwork,2
immersing,2
sizeable,2
socal,2
tapestry,2
ii,2
epoxy,2
farrow,2
perla,2
broadway,2
tailored,2
organic,2
frame,2
gaming,2
clubroom,2
workspace,2
sure,2
getting,2
reflects,2
outstanding,2
incredibly,2
border,2
accommodate,2
carpeted,2
weekly,2
connected,2
105,2
carlyle,2
4487,2
colbath,2
310,2
issue,2
centralized,2
8707,2
baring,2
cross,2
working,2
balance,2
cherished,2
screen,2
necessity,2
medical,2
coupled,2
traffic,2
coved,2
modernized,2
subway,2
exposed,2
vent,2
pipe,2
fuller,2
name,2
37,2
airbnb,2
cosmopolitan,2
bw,2
automation,2
astute,2
flower,2
convention,2
profitable,2
deal,2
refrig,2
sporting,2
extend,2
gehry,2
korean,2
setup,2
adjustment,2
clinton,2
soccer,2
considering,2
conventional,2
land,2
eq,2
unassigned,2
scheduled,2
defines,2
fwys,2
dorothy,2
title,2
jadu,2
10000,2
centerpoint,2
cv,2
masterfully,2
workout,2
traditional,2
supplement,2
523,2
neighboring,2
alarm,2
mountaingate,2
general,2
2901,2
2903,2
2905,2
glenhurst,2
comprises,2
fence,2
glendale,2
lausd,2
bookcase,2
according,2
downsize,2
2405,2
meadowvale,2
venezia,2
basin,2
attendant,2
savoy,2
noise,2
unknown,2
enduring,2
grace,2
encapsulates,2
hillside,2
testament,2
harmony,2
legal,2
italian,2
gessi,2
walkable,2
fast,2
mixed,2
reside,2
diplomat,2
vast,2
seabluff,2
newest,2
harmoniously,2
wing,2
hang,2
phenomenal,2
55,2
accordion,2
yamashiro,2
409,2
450,2
companion,2
allowed,2
14,2
capture,2
paneled,2
alley,2
quaint,2
redevelopment,2
employment,2
rso,2
406,2
exposition,2
79,2
people,2
residing,2
focused,2
thrift,2
delyla,2
metropolis,2
le,2
notably,2
represents,2
instant,2
3018,2
encompasses,2
contains,2
mounted,2
heritage,2
arched,2
g,2
8535,2
colgate,2
thats,2
contigency,2
coe,2
restroom,2
fiduciary,2
representation,2
responsible,2
termite,2
government,2
prior,2
philz,1
peacock,1
lmu,1
windowed,1
kitchenaid,1
versailles,1
multipurpose,1
purifier,1
providence,1
spirit,1
retire,1
speaking,1
thumb,1
extraordinaire,1
maintains,1
golfing,1
horseback,1
riding,1
beat,1
needing,1
cohesive,1
competitively,1
cambridge,1
mfg,1
hoas,1
cal,1
numerically,1
scarcest,1
longtime,1
mechanically,1
sam,1
topanga,1
ram,1
practice,1
1390,1
heiring,1
bone,1
pendant,1
optional,1
corian,1
rack,1
1402,1
allesandro,1
90026,1
exuding,1
smooth,1
refinement,1
impress,1
terrazzo,1
artificial,1
grass,1
granting,1
thorough,1
pertinent,1
related,1
bill,1
charge,1
5768,1
corbett,1
draw,1
running,1
supplying,1
pebble,1
pointe,1
illuminates,1
durability,1
assured,1
kaiser,1
permanente,1
craftsmanship,1
inspiring,1
skylounge,1
azzurrawhere,1
invitation,1
avaliable,1
rimpau,1
metrorail,1
crenshaw,1
us,1
customization,1
renting,1
offset,1
homeownership,1
marquee,1
1970,1
harry,1
dillon,1
sided,1
californian,1
macassar,1
ebony,1
eas,1
vibey,1
refrigerated,1
delivers,1
temperature,1
abode,1
aspiring,1
weekend,1
combining,1
530,1
hewitt,1
138,1
debut,1
150,1
mobile,1
hotspot,1
terra,1
nova,1
accommodation,1
lending,1
décor,1
putting,1
amc,1
establish,1
root,1
modernization,1
arrive,1
forget,1
rustic,1
leasing,1
educational,1
otis,1
forthcoming,1
education,1
nineteenth,1
distinguished,1
dmv,1
horizon,1
pleasantly,1
widely,1
regarded,1
chiropractic,1
harmonizes,1
richness,1
exhibition,1
relocate,1
playsets,1
walnut,1
fencing,1
pex,1
earn,1
1948,1
1907,1
6500,1
expand,1
steady,1
nonprofit,1
governmental,1
begin,1
bidder,1
hpoz,1
1935,1
geometric,1
leaded,1
evoke,1
authentic,1
beverlywood,1
generates,1
intrigued,1
forward,1
romantic,1
4345,1
yacht,1
boat,1
launch,1
brings,1
selling,1
point,1
entirely,1
repositioned,1
recapture,1
62,1
redevelop,1
given,1
ed,1
woodman,1
metrolink,1
posted,1
percent,1
quarter,1
aside,1
york,1
borough,1
submarkets,1
60000,1
relatively,1
slated,1
expected,1
remain,1
landlord,1
william,1
hefner,1
bristol,1
farm,1
99,1
hd,1
channel,1
perfection,1
superb,1
zanger,1
thirtieth,1
vase,1
undercabinet,1
sensational,1
poss,1
artwork,1
3900,1
carpenter,1
pump,1
compressor,1
awash,1
radford,1
selection,1
proof,1
danish,1
engaging,1
jefferson,1
unlock,1
deserve,1
define,1
1500,1
molino,1
casement,1
delineates,1
reclaimed,1
18,1
manuela,1
hauser,1
wirth,1
kodo,1
verve,1
brick,1
frameless,1
sunday,1
pullout,1
pot,1
spice,1
modeling,1
painting,1
bowl,1
pch,1
westford,1
rob,1
clark,1
cup,1
hungry,1
petrossian,1
privately,1
lengthy,1
macys,1
mastros,1
capital,1
proper,1
hoxton,1
luma,1
optimum,1
piano,1
would,1
beside,1
march,1
1428,1
tired,1
2102,1
celebrated,1
marvel,1
elevates,1
satellite,1
1700,1
seaside,1
getman,1
aia,1
gmp,1
maple,1
boating,1
connectivity,1
date,1
dept,1
1008,1
forever,1
cemetery,1
colonial,1
roofing,1
restriction,1
minimal,1
meticulous,1
drove,1
identical,1
usable,1
canopy,1
burgeoning,1
glassell,1
barnsdall,1
solidify,1
idea,1
turkey,1
picked,1
marlborough,1
bluetooth,1
consideration,1
rounded,1
bullnose,1
hiding,1
redwood,1
treated,1
instead,1
buying,1
consider,1
ti,1
guaranteed,1
til,1
hurt,1
alert,1
favorite,1
hi,1
happy,1
drenching,1
thrilling,1
dipped,1
glam,1
ingredient,1
encased,1
rain,1
pretty,1
frosted,1
oh,1
1180,1
resides,1
comstock,1
solitude,1
hillhurst,1
doms,1
mustard,1
seed,1
albertsons,1
vitamin,1
upfront,1
seperated,1
200,1
roscomare,1
assumable,1
increase,1
dp,1
zone,1
purchased,1
growing,1
1480,1
compactor,1
attentive,1
smoking,1
eleventh,1
instruction,1
22050,1
calvert,1
affordability,1
eliminating,1
126,1
clutter,1
207,1
berry,1
boot,1
camp,1
alfred,1
john,1
vinnys,1
aoc,1
baltair,1
soul,1
cycle,1
turn,1
1886,1
frwy,1
finance,1
deed,1
carryback,1
minimum,1
extensively,1
friday,1
cookbook,1
bacetti,1
trattoria,1
stabilization,1
hedge,1
scratch,1
resistant,1
emitting,1
solarium,1
8242,1
bathing,1
resurfaced,1
91604,1
forced,1
luggage,1
8162,1
technology,1
sylisht,1
kenmore,1
radiant,1
prioritized,1
lover,1
pleased,1
know,1
adhering,1
certain,1
accommodating,1
animal,1
movement,1
gelsons,1
beas,1
bakery,1
morts,1
deli,1
ride,1
sneak,1
peek,1
http,1
www,1
youtube,1
z,1
eto,1
38,1
q,1
scheduling,1
canoga,1
immaculately,1
shore,1
considered,1
transformation,1
bliss,1
myriad,1
incentive,1
filtered,1
stability,1
seek,1
turnover,1
projected,1
leverage,1
gracefully,1
restored,1
alfresco,1
fullest,1
utilize,1
slate,1
practically,1
bronze,1
grab,1
embracing,1
something,1
1308,1
vero,1
reimagined,1
490,1
architecturally,1
1923,1
floored,1
294,1
easement,1
cc,1
acceptance,1
availability,1
incorporated,1
fix,1
installation,1
makeover,1
vision,1
simplicity,1
align,1
preference,1
endeavor,1
eastern,1
exemplifies,1
startup,1
charles,1
luckman,1
1966,1
strolling,1
requires,1
transform,1
illuminate,1
await,1
perched,1
1240,1
luxuriousliving,1
27,1
52,1
privilege,1
merge,1
triple,1
behold,1
legally,1
merely,1
ticket,1
stake,1
realm,1
finger,1
spotlight,1
montana,1
lux,1
carrera,1
hansgrohe,1
nickel,1
mutliple,1
body,1
jet,1
ing,1
seldom,1
since,1
always,1
imagination,1
reys,1
team,1
former,1
speechless,1
fraction,1
robert,1
stern,1
think,1
cellar,1
proud,1
contributes,1
operational,1
sfr,1
slowing,1
attracts,1
student,1
demand,1
1940,1
1961,1
1991,1
1890,1
centered,1
stylishly,1
steal,1
3143,1
poggenpohl,1
apex,1
lastly,1
whilst,1
seclusion,1
125,1
evo,1
tocaya,1
genwa,1
besides,1
catch,1
wish,1
revert,1
excellently,1
wow,1
often,1
primely,1
maintain,1
b,1
driven,1
goodman,1
honeywell,1
terres,1
colored,1
replumbed,1
repipe,1
7251,1
optimizing,1
lard,1
verification,1
1643,1
sixtieth,1
thought,1
jr,1
received,1
1003,1
serviced,1
merges,1
contrived,1
customizations,1
rti,1
liking,1
hillcrest,1
dawn,1
dusk,1
captivate,1
greets,1
discreet,1
thermador,1
backdoor,1
parklike,1
monument,1
preservation,1
14242,1
102,1
91401,1
enhancement,1
form,1
aficionado,1
sharing,1
harmon,1
supermarket,1
8632,1
8630,1
880,1
pen,1
5460,1
mo,1
hook,1
ups,1
order,1
drawn,1
quote,1
2022,1
om,1
roll,1
tailor,1
porcelanosa,1
528,1
926,1
southwestern,1
contributing,1
despite,1
retains,1
approve,1
submit,1
decking,1
swiming,1
kid,1
straight,1
bronson,1
beachwood,1
winter,1
seagate,1
intercom,1
advantageous,1
treat,1
else,1
inch,1
passion,1
raised,1
snack,1
dish,1
drink,1
limiting,1
downside,1
sectional,1
couch,1
embarrassment,1
outdooring,1
pacair,1
hanging,1
clover,1
hayworth,1
sited,1
1811,1
fleetwood,1
depth,1
inquire,1
13000,1
pocket,1
griffin,1
duelling,1
amother,1
successfully,1
4957,1
3750,1
certainly,1
lucky,1
able,1
info,1
finding,1
deadline,1
respond,1
45,1
cupboard,1
obtain,1
bricked,1
research,1
neutral,1
stool,1
organizing,1
remote,1
viewer,1
adjoins,1
completes,1
cared,1
regular,1
mass,1
transit,1
lane,1
moen,1
samsung,1
playtime,1
amid,1
foothill,1
hiker,1
cyclist,1
equestrian,1
aquatic,1
google,1
replacement,1
external,1
celebrity,1
unable,1
quart,1
lanai,1
plaza,1
2140,1
richard,1
marshall,1
lightened,1
parker,1
accounted,1
whisked,1
magical,1
jerusalem,1
flanked,1
speakeasy,1
shelf,1
belvedere,1
leather,1
victoria,1
albert,1
volcanic,1
waterworks,1
framed,1
stare,1
jonathan,1
adler,1
ralph,1
lauren,1
breezeway,1
rehab,1
súper,1
sylmar,1
packing,1
stairway,1
early,1
mission,1
exemplar,1
spill,1
fiber,1
optic,1
saturated,1
selected,1
core,1
perlas,1
44000,1
unfurls,1
graced,1
suffused,1
tasting,1
trio,1
chaise,1
dozen,1
bradbury,1
vary,1
contractor,1
afraid,1
hip,1
notification,1
mailroom,1
coast,1
h,1
16,1
800,1
booth,1
disabled,1
hann,1
qualifies,1
hole,1
pitch,1
64,1
retained,1
6209,1
naca,1
caruso,1
rodgers,1
corsica,1
15340,1
albight,1
941,1
boyle,1
71010,1
alhambra,1
uncover,1
blending,1
entail,1
5405,1
generational,1
indirect,1
glow,1
spaciousness,1
closed,1
proofing,1
tuck,1
sectioned,1
privatized,1
planter,1
palpable,1
committed,1
continual,1
reflecting,1
belong,1
outing,1
anyone,1
trove,1
postal,1
doctor,1
facilitie,1
position,1
notorious,1
intact,1
ornate,1
archway,1
farmhouse,1
backsplashes,1
refreshed,1
cienega,1
impressed,1
ornately,1
anchor,1
textured,1
metal,1
stately,1
grained,1
respite,1
calm,1
wiltern,1
el,1
capitan,1
mayan,1
firm,1
pugh,1
brook,1
scarpa,1
merged,1
styling,1
vibe,1
adventure,1
jaunt,1
frog,1
chinatown,1
cypress,1
205,1
j,1
961,1
occupies,1
shed,1
cold,1
money,1
cow,1
averaging,1
11542,1
88,1
pleasant,1
far,1
crowd,1
assuring,1
lustrous,1
productivity,1
distinguishes,1
clock,1
boundless,1
intuit,1
dome,1
casino,1
tube,1
occupier,1
prosperous,1
bmo,1
acquiring,1
3130,1
leafy,1
loved,1
retain,1
possession,1
equivalent,1
comp,1
868,1
1311,1
870,1
1316,1
proforma,1
2407,1
1243,1
interstate,1
deliver,1
softener,1
9000,1
ensured,1
transparency,1
702,1
bonnie,1
1763,1
1765,1
contemplating,1
eastside,1
pacoima,1
subtrranean,1
birthday,1
anniversary,1
turtle,1
dark,1
chocolate,1
salary,1
handyman,1
contribution,1
reserve,1
staff,1
inclusion,1
bargain,1
compared,1
comparable,1
preferred,1
february,1
carole,1
carter,1
1507,1
apn,1
2356,1
thereon,1
expressed,1
implied,1
bit,1
ly,1
1612,1
laid,1
blissful,1
fascinating,1
freight,1
joey,1
really,1
household,1
lacma,1
academy,1
oil,1
601,1
espresso,1
glazed,1
mosaic,1
655,1
80,1
12217,1
rochester,1
1600,1
starry,1
envisioning,1
accept,1
submitting,1
sheet,1
prove,1
came,1
dimension,1
sexy,1
executive,1
scape,1
specific,1
monitor,1
goody,1
receiver,1
projector,1
93,1
opulent,1
2440,1
anywhere,1
improve,1
ballona,1
wetland,1
dal,1
forum,1
init,1
300,1
mb,1
pavillion,1
courthouse,1
6662,1
satsuma,1
1200,1
7354,1
speak,1
multigenerational,1
booming,1
900,1
waterstone,1
1912,1
180,1
degree,1
2000,1
wraparound,1
forest,1
pierce,1
1934,1
pitched,1
protruding,1
gable,1
overhanging,1
eaves,1
intentionally,1
held,1
signature,1
thick,1
tapered,1
appear,1
operable,1
appears,1
waster,1
fairly,1
upgrading,1
949,1
996,1
7096,1
kinneys,1
95,1
belonging,1
1150,1
accentuating,1
brightness,1
grabbing,1
bite,1
375,1
repainted,1
opportunityschedule,1
magnificent,1
important,1
remolded,1
flooding,1
shopper,1
quietude,1
liability,1
pavers,1
wrought,1
iron,1
curious,1
exploration,1
grade,1
134,1
90039,1
neatly,1
marketplace,1
2006,1
remoldeled,1
4700,1
peer,1
bulthaup,1
enveloped,1
handy,1
cancellation,1
improved,1
otherwise,1
windward,1
circle,1
credit,1
7135,1
firmament,1
sepulveda,1
wildlife,1
preserve,1
archery,1
cricket,1
japanese,1
airstrip,1
radio,1
aircraft,1
frequently,1
fly,1
automated,1
opener,1
assistance,1
90031,1
zip,1
feasibility,1
tuscan,1
convergence,1
hourly,1
cardio,1
resistance,1
café,1
mount,1
wilson,1
1925,1
morgan,1
clements,1
served,1
decade,1
suited,1
403,1
creatively,1
situate,1
930,1
limit,1
478,1
cell,1
phone,1
barranca,1
multicultural,1
cuisine,1
lender,1
require,1
victor,1
gruen,1
1958,1
pioneering,1
symbol,1
2011,1
2012,1
3270,1
midcentury,1
272,1
cater,1
converge,1
measure,1
600,1
approach,1
enlarge,1
exiting,1
collect,1
gross,1
860000,1
1080,1
sustainable,1
hydro,1
ainsley,1
splendid,1
aquarium,1
brimming,1
lie,1
enriched,1
simplifies,1
task,1
boom,1
anticipate,1
2025,1
amphitheater,1
seeing,1
surge,1
midrise,1
attracted,1
savor,1
rejuvenating,1
revealing,1
stretch,1
expanse,1
illustrious,1
establishment,1
upkeep,1
stovetop,1
fill,1
jacuzzis,1
followed,1
hutch,1
carried,1
reversed,1
mentioned,1
2500,1
2502,1
galore,1
silverlake,1
everywhere,1
strength,1
weight,1
kettlebells,1
mindful,1
mat,1
insulated,1
motorcycle,1
relaxed,1
1060,1
stack,1
pavilion,1
arguably,1
cleo,1
2700,1
250,1
refrigerator,1
secret,1
roosevelt,1
aid,1
linking,1
faster,1
effective,1
result,1
graumanns,1
chinese,1
magic,1
castle,1
dolby,1
musso,1
frank,1
nature,1
2005,1
2083,1
maximum,1
roman,1
camden,1
5211,1
huntington,1
adjusted,1
accordingly,1
8801,1
cedros,1
encompassing,1
1971,1
scare,1
ascending,1
lpv,1
noteworthy,1
venturing,1
waking,1
doesnt,1
showstopper,1
skydeck,1
dip,1
infinity,1
gather,1
cozying,1
unforgettable,1
assist,1
ask,1
review,1
1508,1
manning,1
2177,1
replete,1
shielded,1
paddle,1
cleaned,1
buffed,1
king,1
dockweiler,1
glad,1
vestibule,1
4100,1
crafting,1
encouraging,1
socialization,1
ensuites,1
upholds,1
inherent,1
occasional,1
direction,1
minimalist,1
moving,1
sunken,1
reading,1
utilized,1
fragrant,1
jasmine,1
vine,1
safely,1
fitted,1
biking,1
fairview,1
slauson,1
collecting,1
4314,1
portion,1
revival,1
context,1
fox,1
route,1
propertunity,1
thie,1
70,1
73,1
699,1
partner,1
comfortably,1
load,1
bookshelf,1
fell,1
1652,1
4800,1
neeed,1
glendon,1
imported,1
peets,1
sprout,1
unfurnished,1
1740,1
5648,1
attract,1
densely,1
populated,1
banc,1
campus,1
science,1
african,1
george,1
lucas,1
onramp,1
70000,1
475000,1
26,1
multifamily,1
thrive,1
magnet,1
industry,1
film,1
personality,1
purchasing,1
thrives,1
trading,1
flea,1
tourist,1
vendor,1
joans,1
norm,1
guy,1
delylas,1
shady,1
1832,1
hickory,1
calacutta,1
nuvo,1
marbled,1
hartmark,1
grain,1
cream,1
matte,1
asko,1
series,1
transitional,1
induction,1
statuario,1
maximus,1
carrara,1
onyx,1
slab,1
emser,1
decoraport,1
button,1
anti,1
fog,1
duravit,1
squared,1
pizza,1
doubt,1
1116,1
evercharge,1
hanck,1
correction,1
racquetball,1
driving,1
seated,1
parc,1
extending,1
framing,1
pearl,1
princess,1
renown,1
avail,1
totally,1
average,1
1469,1
billing,1
different,1
favorable,1
configured,1
dormitory,1
ut,1
6622,1
clybourn,1
124,1
cape,1
cod,1
amplifies,1
deste,1
inner,1
nokia,1
unveiling,1
envisioned,1
max,1
maltzman,1
celestial,1
facade,1
unveils,1
6000,1
brilliance,1
515,1
western,1
width,1
promoting,1
motorized,1
barker,1
urth,1
caffe,1
kaviar,1
estlr,1
champ,1
tapa,1
cleantech,1
incubator,1
sci,1
arc,1
spotify,1
bros,1
eviction,1
underutilized,1
presently,1
significantly,1
4524,1
10789,1
robust,1
generator,1
exists,1
realized,1
speaks,1
reliable,1
newcomer,1
825,1
curated,1
emtek,1
103,1
nicknamed,1
dunway,1
merging,1
indoors,1
dine,1
clad,1
extravagance,1
addressed,1
sixteenth,1
traditionally,1
duo,1
macy,1
pharmacy,1
homebuyer,1
catching,1
appreciation,1
wave,1
plant,1
lovingly,1
calacatta,1
blackout,1
towel,1
warmer,1
composite,1
catalda,1
artfully,1
sleep,1
soundly,1
save,1
membership,1
based,1
hear,1
rhythm,1
minded,1
predictable,1
covering,1
cabrillo,1
brouwerij,1
zimas,1
fashion,1
sightseeing,1
quintessential,1
introduces,1
display,1
1930,1
squadron,1
artisanal,1
showpiece,1
undulating,1
patterned,1
inlay,1
corbel,1
gorgeously,1
tray,1
plastered,1
twist,1
rope,1
flaunt,1
yesteryear,1
passageway,1
imaginary,1
tiara,1
noho,1
oxnard,1
remodeling,1
licensee,1
skylar,1
environmentally,1
conscious,1
leed,1
platinum,1
certification,1
capability,1
mello,1
roos,1
follow,1
affixed,1
email,1
inquiry,1
837,1
8500,1
sl,1
unlocked,1
jewelry,1
thing,1
fact,1
tranportation,1
vincent,1
thomas,1
bridge,1
developement,1
contruction,1
builder,1
dividing,1
21,1
superior,1
confirmed,1
1551,1
1629,1
575,1
33,1
67,1
non,1
later,1
choose,1
transfer,1
govt,1
waif,1
payable,1
elite,1
overbidders,1
qualified,1
miricle,1
2100,1
authority,1
administrator,1
verifiy,1
jewel,1
alone,1
allow,1
afford,1
reasonable,1
risk,1
keyless,1
climate,1
63,1
sufficiency,1
test,1
decent,1
certificate,1
substandard,1
recorded,1
july,1
2018,1
305,1
995,1
picket,1
adorable,1
english,1
butcher,1
smeg,1
mudroom,1
bush,1
milwood,1
triangle,1
superba,1
bread,1
zinque,1
gjelina,1
felix,1
intelligentsia,1
cheviot,1
shybary,1
seperate,1
sb,1
wired,1
279,1
universal,1
greater,1
dixie,1
francis,1
de,1
church,1
23,1
concerto,1
fair,1
ending,1
negotiable,1
transaction,1
