bedroom,1286
room,1131
2,1084
bathroom,1018
floor,868
living,756
1,740
home,685
kitchen,647
space,589
unit,535
3,521
new,501
full,500
large,467
closet,450
ha,430
dining,423
apartment,405
building,405
feature,400
park,371
family,370
area,363
offer,334
storage,325
spacious,318
located,308
window,305
private,293
property,278
well,273
parking,263
foot,261
appliance,247
second,245
view,244
open,236
4,231
street,231
walk,225
location,223
shopping,223
laundry,223
throughout,221
transportation,221
access,220
square,220
basement,216
renovated,215
bus,211
custom,209
beautiful,205
garage,195
restaurant,195
hardwood,194
first,191
welcome,189
opportunity,188
modern,187
city,187
also,185
close,184
perfect,183
residence,182
ceiling,181
house,180
amenity,179
additional,179
great,174
light,172
level,171
including,171
countertop,169
convenience,169
backyard,162
enjoy,160
train,159
separate,156
high,150
heart,149
washer,149
dryer,149
stainless,149
finished,147
steel,146
outdoor,146
half,144
primary,144
door,141
garden,138
school,137
block,137
center,136
includes,136
brooklyn,135
fully,134
avenue,133
step,131
boast,131
balcony,130
condo,129
built,129
offering,128
natural,127
east,126
away,124
manhattan,123
central,122
ample,121
featuring,121
5,119
condominium,119
air,119
layout,117
line,117
luxury,115
make,114
wall,114
easy,114
include,113
oversized,113
24,113
size,113
resident,112
entrance,112
public,109
brick,108
situated,108
live,107
doorman,106
service,106
eat,106
b,105
corner,104
top,104
tax,104
conveniently,104
updated,103
cabinet,103
sized,103
maintenance,103
office,102
pet,102
water,102
year,101
lot,101
designed,100
prime,99
marble,99
system,99
subway,99
6,98
neighbourhood,98
convenient,97
terrace,97
white,96
miss,95
minute,95
multiply,95
complete,94
comfort,93
shower,93
hour,93
entertaining,92
pool,92
gas,92
wood,92
shop,91
tile,90
option,90
suite,90
main,89
york,89
plus,88
plenty,88
available,88
granite,87
front,86
roof,86
near,86
island,86
exposure,85
duplex,84
place,84
community,84
ensuite,82
master,82
foyer,81
co,81
find,80
expansive,80
bright,80
youll,80
equipped,80
low,80
need,79
q,79
double,79
car,78
deck,78
within,78
oak,78
super,78
elevator,78
excellent,78
maintained,77
stunning,77
driveway,76
south,76
bike,76
investment,76
fee,75
every,75
conditioner,75
experience,75
side,75
yard,74
west,74
extra,74
providing,74
cabinetry,73
potential,73
heat,73
detached,72
today,72
style,72
come,72
friendly,71
tub,71
income,71
entry,71
local,70
ideal,70
formal,70
brand,70
condition,69
nearby,69
w,69
guest,69
third,69
end,69
flooring,69
express,68
station,68
20,68
op,68
facing,67
provides,67
fitness,66
height,66
interior,66
nestled,66
design,65
newly,65
art,64
fixture,64
glass,64
king,64
time,64
move,64
huge,64
vanity,63
7,63
dishwasher,63
beautifully,63
ready,62
monthly,62
bay,61
hill,61
sun,61
owner,61
rental,61
call,60
inviting,60
common,59
proximity,59
windowed,58
entertainment,58
studio,58
c,58
see,58
making,57
dream,57
vibrant,56
like,56
quiet,56
charming,56
north,56
hot,56
back,55
generous,55
lobby,55
â,55
unique,55
wide,55
utility,55
fridge,55
short,55
right,55
heating,55
rare,54
original,54
finish,54
best,54
comfortable,54
long,53
r,53
enter,53
playground,53
tower,53
ground,52
appointed,52
0,52
bronx,51
add,51
ensuring,51
highway,51
chef,51
plan,50
stone,50
gym,50
many,50
lead,50
site,50
river,50
detail,50
month,50
lifestyle,50
quartz,49
indoor,49
major,49
schedule,49
desirable,48
spot,48
elegant,48
generously,48
sought,48
tiled,48
blend,48
hallway,47
bar,47
story,47
e,47
easily,47
charm,47
beach,47
fireplace,47
coop,47
privacy,46
market,46
skyline,46
lovely,46
luxurious,46
court,46
exceptional,46
contemporary,45
rooftop,45
investor,45
f,45
10,45
security,45
electric,45
distance,44
lighting,44
set,44
included,44
queen,43
gem,43
sale,43
grand,42
retreat,42
discover,42
recently,42
upper,42
soaking,41
bridge,41
allowed,41
8,40
creating,40
day,40
sink,40
counter,40
tree,40
wonderful,40
looking,40
concierge,40
highly,40
much,39
last,39
100,39
lower,39
30,39
state,39
inside,39
staten,39
relaxation,39
historic,38
prospect,38
bosch,38
must,38
seamlessly,38
meticulously,38
touch,37
culinary,37
concept,37
multi,37
supermarket,37
multiple,37
attached,37
along,37
facility,37
sliding,37
sunny,37
backsplash,36
hall,36
wa,36
boutique,36
boasting,36
district,36
elegance,36
cozy,36
gorgeous,36
club,36
playroom,36
landscaped,36
versatile,36
l,36
stop,36
showing,36
loft,35
lounge,35
sponsor,35
dog,35
legal,35
serene,35
road,35
per,35
sunlight,35
create,34
rear,34
exquisite,34
outside,34
nice,34
semi,34
atmosphere,34
approval,34
mall,34
work,33
spectacular,33
range,33
classic,33
miele,33
adorned,33
added,33
flushing,33
attic,33
cooking,33
oasis,33
present,33
free,33
townhouse,33
deep,32
currently,32
gathering,32
fifth,32
abundance,32
board,32
tenant,32
fantastic,32
hudson,32
boiler,31
library,31
good,31
enough,31
total,31
across,31
lirr,31
addition,31
assessment,31
abundant,31
package,31
development,31
village,31
chance,31
lined,31
charge,31
breeze,31
40,31
buyer,30
fresh,30
split,30
seeking,30
courtyard,30
next,30
youre,30
smart,30
11,30
breathtaking,30
greeted,30
world,30
used,30
molding,30
patio,30
magnificent,30
vacant,30
incredible,30
combo,30
urban,30
feel,29
pantry,29
tranquil,29
iconic,29
functionality,29
installed,29
den,29
previously,29
overlooking,29
architecture,29
array,29
viewing,28
around,28
entire,28
forest,28
wont,28
additionally,28
everything,28
old,28
southern,28
70,28
commute,28
25,28
powder,28
crown,28
sleek,28
possibility,28
upstairs,27
50,27
childrens,27
9,27
eastern,27
airy,27
awaits,27
midtown,27
welcoming,27
warm,27
zone,27
fit,27
thoughtfully,27
accommodate,27
n,27
downtown,26
walking,26
outfitted,26
abatement,26
take,26
spa,26
seating,26
use,26
truly,26
appointment,26
moment,26
bonus,26
allows,26
superintendent,26
adjacent,26
parkway,26
war,26
waiting,26
p,25
upgraded,25
life,25
museum,25
15,25
heated,25
worship,25
cafe,25
tennis,25
even,25
accessible,25
provide,25
daily,25
amazing,24
perfectly,24
peaceful,24
purchase,24
slider,24
upon,24
drenched,24
section,24
direct,24
hoa,24
snow,24
estate,24
staircase,24
whether,24
table,24
intercom,24
endless,24
fourth,24
store,24
sunset,23
gallery,23
food,23
big,23
mint,23
recreation,23
microwave,23
various,23
delightful,23
please,23
removal,23
heater,23
true,23
several,23
1000,23
rent,23
price,23
electricity,23
bicycle,23
j,23
converted,22
coveted,22
renovation,22
italian,22
combination,22
wait,22
barbeque,22
tranquility,22
skylight,22
radiant,22
shared,22
stove,22
coffee,22
epitome,22
ocean,22
blvd,22
wine,22
18,22
architect,22
list,22
joes,21
green,21
designer,21
surrounded,21
another,21
ensures,21
dedicated,21
neighborhood,21
explore,21
key,21
seamless,21
cooperative,21
upgrade,21
functional,21
delivered,21
leading,21
approximately,21
completely,21
filled,20
trader,20
furniture,20
part,20
pristine,20
immediate,20
exclusive,20
waterfront,20
breakfast,20
panoramic,20
activity,20
allow,20
via,20
sits,20
stylish,20
embrace,20
rich,20
sub,20
gracious,20
ny,20
plaza,20
priced,20
porch,19
12,19
relaxing,19
architectural,19
onto,19
benefit,19
way,19
complemented,19
extraordinary,19
cat,19
shore,19
may,19
stand,19
commuting,19
morning,19
sanctuary,19
drive,19
ton,19
seller,19
western,19
note,19
flow,19
recessed,18
sophistication,18
shade,18
plank,18
gourmet,18
sitting,18
round,18
allowing,18
quality,18
meet,18
stair,18
flexibility,18
colonial,18
porcelain,18
dual,18
proportioned,18
real,18
basketball,18
pay,18
ease,18
less,18
quick,18
60,18
assigned,18
stall,18
solid,18
special,17
turnkey,17
unwind,17
photo,17
whole,17
enjoying,17
staff,17
sophisticated,17
hard,17
polished,17
term,17
madison,17
oven,17
meal,17
sauna,17
beyond,17
canvas,17
personal,17
video,17
accessibility,17
value,17
beauty,17
could,17
setting,17
adding,17
meter,17
waitlist,17
ferry,17
chic,17
permitted,17
commercial,17
cultural,16
look,16
residential,16
head,16
dramatic,16
centrally,16
mirror,16
get,16
finest,16
massive,16
ceramic,16
painted,16
2023,16
appeal,16
swimming,16
golf,16
ambiance,16
cooling,16
occupied,16
inground,16
kept,16
piece,16
producing,16
immediately,16
party,16
coat,16
directly,16
northern,16
sublet,16
refinished,16
sold,15
pelham,15
impressive,15
friend,15
virtually,15
staged,15
showcase,15
masterpiece,15
love,15
bustling,15
timeless,15
night,15
grey,15
honed,15
stained,15
plumbing,15
vented,15
accommodates,15
kind,15
entering,15
keep,15
black,15
crafted,15
run,15
g,15
spanning,15
16,15
introducing,15
bedford,15
picturesque,15
secondary,15
wet,15
flooded,15
middle,15
enclosed,15
control,15
allure,15
combine,15
nature,15
manager,15
glove,15
pied,15
variety,15
extended,15
required,15
fenced,14
fort,14
valet,14
clinton,14
integrated,14
hosting,14
single,14
tour,14
virtual,14
alcove,14
millwork,14
thats,14
ultimate,14
trendy,14
deeded,14
impeccable,14
recreational,14
let,14
face,14
gated,14
complex,14
prewar,14
cost,14
35,14
unparalleled,14
soaring,14
diverse,14
parlor,14
etc,14
22,14
rego,14
parquet,14
steam,14
separated,14
expressway,14
galley,14
found,14
14,14
premier,14
consists,13
surrounding,13
sizable,13
comfortably,13
gleaming,13
want,13
history,13
metro,13
frame,13
sky,13
bathed,13
medicine,13
broadway,13
made,13
downstairs,13
summer,13
known,13
sense,13
peace,13
mind,13
26,13
townhome,13
doorstep,13
commuter,13
delight,13
verrazano,13
porter,13
17,13
ideally,13
future,13
business,13
eighth,13
enormous,13
choice,13
attention,13
panel,13
viking,13
sixth,13
bx,13
care,12
concrete,12
bank,12
kohler,12
numerous,12
grocery,12
play,12
positioned,12
never,12
brownstone,12
dark,12
bronze,12
town,12
occupancy,12
llc,12
housing,12
amount,12
57,12
exterior,12
grill,12
aesthetic,12
relax,12
attended,12
customized,12
cover,12
sewer,12
border,12
harbor,12
effortless,12
construction,12
421,12
hardware,12
century,12
bathtub,12
jacuzzi,12
airport,12
contact,12
closing,12
reach,12
character,12
fingertip,12
landscaping,12
immaculate,12
80,12
energy,12
burning,12
impeccably,12
picture,12
richmond,12
ninth,12
camera,12
toilet,12
outstanding,12
dynamic,11
yoga,11
desk,11
enhancing,11
remarkable,11
entertain,11
premium,11
cooktop,11
hoyt,11
efficiency,11
21,11
slab,11
marketing,11
subject,11
file,11
equal,11
everyday,11
star,11
flood,11
hub,11
penthouse,11
sheepshead,11
rate,11
stuyvesant,11
paid,11
hand,11
cross,11
chair,11
flexible,11
warmth,11
largest,11
solar,11
hvac,11
standard,11
class,11
catering,11
exudes,11
u,11
28,11
chelsea,11
financials,11
captivating,11
versatility,11
paved,11
unfinished,11
manicured,11
enhances,11
balance,11
seize,11
sell,11
riverdale,11
savvy,10
covered,10
restored,10
give,10
yet,10
practicality,10
wolf,10
redone,10
enjoys,10
dwelling,10
testament,10
austin,10
harlem,10
coming,10
inch,10
lacquer,10
lock,10
unrivaled,10
freshly,10
effortlessly,10
sleeping,10
attraction,10
renowned,10
age,10
ensure,10
secure,10
element,10
outdoors,10
hold,10
clean,10
linen,10
plethora,10
blue,10
shaker,10
burner,10
course,10
dressing,10
union,10
southwest,10
theatre,10
invite,10
55,10
tastefully,10
facade,10
transfer,10
eatery,10
82,10
mid,10
prestigious,10
management,10
baseboard,10
dyker,10
unobstructed,10
shelving,10
rest,10
herringbone,10
newer,10
quarter,10
maximum,10
75,10
sprawling,10
member,10
jackson,10
tank,10
enthusiast,10
furnished,10
astoria,10
sound,10
gardening,10
still,10
ridge,10
brighton,10
woodside,10
soho,10
storey,9
junior,9
popular,9
deco,9
destination,9
tall,9
tremendous,9
homeowner,9
onsite,9
seat,9
without,9
accent,9
surround,9
glazed,9
fan,9
carpet,9
agent,9
cd,9
barbecue,9
williamsburg,9
go,9
creates,9
wellness,9
rain,9
promise,9
revel,9
doe,9
taste,9
pavers,9
put,9
plentiful,9
information,9
provided,9
california,9
professional,9
turn,9
would,9
mortgage,9
incredibly,9
payment,9
among,9
highlight,9
gold,9
distinctive,9
hookup,9
vehicle,9
z,9
stroll,9
64,9
shape,9
covering,9
health,9
small,9
target,9
contains,9
artist,9
vaulted,9
listed,9
individual,9
convertible,9
bensonhurst,9
fabulous,9
retail,9
pull,9
renting,9
costco,9
managed,9
eik,9
completed,9
electrical,9
roomy,9
lush,9
subletting,9
acre,9
partially,9
appreciate,9
transit,9
except,9
george,9
23,9
current,9
tender,8
loving,8
transition,8
attractive,8
limestone,8
nook,8
event,8
shelf,8
cold,8
span,8
update,8
arrangement,8
know,8
oil,8
outlet,8
qm,8
matte,8
waterworks,8
enhanced,8
ascend,8
favorite,8
farmer,8
suit,8
build,8
49,8
hi,8
already,8
user,8
transform,8
ownership,8
bm,8
upscale,8
expense,8
meticulous,8
andersen,8
european,8
¾,8
cellar,8
fine,8
2024,8
triple,8
bring,8
french,8
little,8
soft,8
extension,8
simply,8
accessed,8
alongside,8
abode,8
gravesend,8
rise,8
backdrop,8
elmhurst,8
done,8
led,8
hylan,8
culdesac,8
start,8
collection,8
trail,8
zoned,8
connected,8
beamed,8
h,8
riverside,8
cable,8
left,8
envision,8
livingroom,8
hassle,8
climate,8
practical,8
terres,8
suburban,8
keyed,8
hood,8
extremely,8
whitestone,8
promenade,8
college,8
replaced,8
flip,8
strategically,8
soon,8
gut,8
vision,8
environment,8
path,8
trump,8
enchanting,7
brings,7
tucked,7
nearly,7
atlantic,7
designated,7
landmark,7
established,7
calacatta,7
delivery,7
fast,7
notice,7
overlook,7
picnic,7
historical,7
throw,7
48,7
cityscape,7
efficient,7
maximize,7
waterfall,7
hotel,7
nightlife,7
craftsmanship,7
mosaic,7
metropolitan,7
valuable,7
remodeled,7
rated,7
discreet,7
rarely,7
insurance,7
iron,7
pas,7
exciting,7
advantage,7
hamilton,7
neighbour,7
direction,7
affordable,7
connectivity,7
personalized,7
95,7
ade,7
ridgewood,7
ventilation,7
flex,7
grade,7
collaboration,7
dry,7
bed,7
bertazzoni,7
palette,7
scale,7
jfk,7
caesarstone,7
controlled,7
botanic,7
layer,7
sunlit,7
refined,7
harmonious,7
establishment,7
route,7
annual,7
connects,7
running,7
indulge,7
90,7
sorry,7
giving,7
fencing,7
demand,7
serf,7
transport,7
offered,7
generational,7
hospital,7
university,7
link,7
paint,7
evening,7
intimate,7
check,7
ago,7
terrific,7
enjoyment,7
policy,7
complement,7
welcomed,7
terre,7
cathedral,7
hustle,7
empire,7
fairway,7
superb,7
botanical,7
45,7
function,7
comprises,7
buy,7
shuttle,7
pocket,7
person,7
purchaser,7
neck,6
bamboo,6
serve,6
stackable,6
wooden,6
cinema,6
entertainer,6
handsome,6
lofty,6
tier,6
growing,6
address,6
regarded,6
striking,6
edge,6
act,6
wifi,6
thermostat,6
streaming,6
clad,6
stacked,6
200,6
tenth,6
conference,6
tribeca,6
garbage,6
reade,6
worry,6
kill,6
overall,6
transformed,6
phenomenal,6
stadium,6
structure,6
needed,6
mile,6
book,6
larger,6
ditmas,6
builder,6
trim,6
paying,6
faã,6
machine,6
conversion,6
carl,6
considered,6
seventh,6
help,6
share,6
grandeur,6
pane,6
drawer,6
sure,6
weekend,6
routine,6
bask,6
boulevard,6
laid,6
elevated,6
gang,6
associate,6
creative,6
tailor,6
leed,6
certified,6
vary,6
image,6
accommodating,6
multitude,6
either,6
nest,6
exposed,6
almost,6
2013,6
zoning,6
bottom,6
child,6
track,6
equinox,6
country,6
elevate,6
shed,6
reserve,6
desired,6
vast,6
nineteenth,6
await,6
44,6
strong,6
far,6
fill,6
800,6
strategic,6
clubhouse,6
industrial,6
opening,6
65,6
privately,6
dinner,6
expansion,6
zoo,6
meadow,6
shaped,6
3000,6
totally,6
trex,6
mere,6
placed,6
showcasing,6
convert,6
circular,6
scenic,6
immerse,6
vista,6
prepare,6
load,6
gifting,6
behind,6
mccarren,6
duravit,6
show,6
bustle,6
27,6
rockaway,6
nomad,6
carefully,6
gramercy,6
purchasing,6
fitted,6
bookshelf,6
fall,6
immense,6
form,6
mahogany,6
eye,6
minimum,6
exit,6
slope,6
dimension,6
distinct,6
landmarked,6
36,6
television,6
greenpoint,6
communal,6
lap,6
masterfully,6
premise,6
belt,6
mounted,6
sunrich,6
row,5
elegantly,5
entryway,5
kid,5
wing,5
paradise,5
company,5
self,5
scaled,5
surroundings,5
adventure,5
undergone,5
substantial,5
kitchenette,5
deal,5
nursery,5
sleep,5
jamaica,5
satin,5
exhaust,5
55000,5
working,5
heritage,5
dead,5
keyless,5
nickel,5
douglas,5
19,5
bd,5
extensive,5
disposal,5
liebherr,5
memory,5
spread,5
together,5
breathe,5
escape,5
imagine,5
afternoon,5
contribute,5
epitomizes,5
thoughtful,5
drop,5
prep,5
2020,5
46,5
74,5
apart,5
bill,5
saltwater,5
season,5
unfolds,5
caters,5
membership,5
furnace,5
customization,5
young,5
2022,5
windsor,5
promising,5
lucrative,5
essence,5
yearly,5
spared,5
rainfall,5
rack,5
waitlisted,5
nostrand,5
fulton,5
presenting,5
highlighted,5
intricate,5
bakery,5
360,5
degree,5
noise,5
shareholder,5
metal,5
curated,5
billiards,5
31,5
proportion,5
samsung,5
carrara,5
mention,5
bushwick,5
murray,5
kew,5
exercise,5
dresser,5
listing,5
soaked,5
opened,5
casual,5
landscape,5
spirit,5
brushed,5
represents,5
depending,5
unbeatable,5
superior,5
lincoln,5
capital,5
ge,5
lutron,5
mo,5
bath,5
annadale,5
32,5
desire,5
sunrise,5
refreshing,5
configured,5
field,5
rented,5
setup,5
borough,5
combined,5
couple,5
tone,5
subzero,5
inspired,5
130,5
william,5
travel,5
laminate,5
dongan,5
medium,5
al,5
busy,5
crystal,5
project,5
landing,5
woodrow,5
important,5
essex,5
grace,5
decorative,5
corona,5
unmatched,5
serenity,5
mechanicals,5
absolutely,5
relish,5
pella,5
screening,5
vibe,5
due,5
treetop,5
floating,5
sunshine,5
internet,5
olympic,5
surveillance,5
cherry,5
morris,5
101,5
stage,5
carnegie,5
medical,5
remarkably,5
lovingly,5
chandelier,5
oversize,5
stream,5
ever,5
canarsie,5
siding,5
adjoining,5
milan,5
henry,5
mill,5
58,5
hat,5
ride,5
pvc,5
requires,5
base,5
luminous,5
march,5
anyone,5
graced,5
dinette,5
arcadia,5
greenwich,5
84,5
pier,5
beckford,5
hdfc,5
invest,5
harding,4
post,4
mta,4
moving,4
reading,4
unlimited,4
corridor,4
nicely,4
thriving,4
cared,4
textured,4
shine,4
planned,4
served,4
perk,4
barclays,4
music,4
hook,4
westchester,4
generating,4
others,4
overlooked,4
appt,4
cook,4
created,4
motorized,4
blackened,4
lava,4
bespoke,4
crackle,4
sage,4
abound,4
enabled,4
usb,4
select,4
latch,4
newest,4
galore,4
41,4
quartzite,4
compliment,4
elliman,4
change,4
72,4
screen,4
caesar,4
walnut,4
isnt,4
permit,4
porcelanosa,4
expertly,4
mix,4
650,4
late,4
enhance,4
43,4
ranch,4
39,4
always,4
cleaning,4
quickly,4
railing,4
multifamily,4
firsthand,4
forced,4
awaiting,4
financial,4
stroller,4
kensington,4
tailored,4
unassigned,4
½,4
2030,4
approved,4
measuring,4
followed,4
utilized,4
measure,4
traffic,4
schurz,4
lease,4
lefferts,4
stately,4
culturally,4
preserved,4
handmade,4
matching,4
bench,4
law,4
salt,4
briarwood,4
van,4
citi,4
2400,4
standout,4
extends,4
enduring,4
graceful,4
celebrated,4
visionary,4
peninsula,4
bardiglio,4
cool,4
accentuated,4
sweet,4
distinguished,4
leisurely,4
david,4
seen,4
partial,4
embodies,4
eightieth,4
47,4
ac,4
sunken,4
movie,4
si,4
jr,4
return,4
social,4
captivated,4
display,4
framing,4
blind,4
toto,4
leisure,4
stay,4
fence,4
ok,4
shown,4
coated,4
casement,4
removed,4
cortelyou,4
66,4
rd,4
adjaye,4
2021,4
spiral,4
arched,4
detailing,4
salvatori,4
gaggenau,4
bianco,4
rosebank,4
featured,4
de,4
enclave,4
fresco,4
doorbell,4
ikea,4
attorney,4
pm,4
flair,4
essential,4
gateway,4
imagination,4
dont,4
understated,4
safe,4
rarity,4
queensview,4
1200,4
tasteful,4
stucco,4
perfection,4
paneled,4
baseball,4
67,4
venture,4
37,4
treatment,4
tapestry,4
mariner,4
solution,4
paykel,4
faucet,4
forget,4
completes,4
lit,4
asking,4
aspect,4
savor,4
63,4
amalgamated,4
crossing,4
citibike,4
awe,4
inspiring,4
lie,4
towel,4
triplex,4
soundview,4
beat,4
catch,4
patrol,4
99,4
discerning,4
clearview,4
power,4
maple,4
soak,4
generate,4
paned,4
macys,4
eataly,4
flatiron,4
text,4
transformation,4
doesnt,4
worth,4
belonging,4
loved,4
one,4
combining,4
prospective,4
chrysler,4
reserved,4
marine,4
59,4
southeast,4
glorious,4
purpose,4
complimentary,4
model,4
terminal,4
pond,4
dollar,4
taken,4
wrap,4
wraparound,4
sprinkler,4
pkwy,4
parkchester,4
residency,4
john,4
reasonable,4
circle,4
famous,4
columbus,4
improvement,4
game,4
carpeting,4
cut,4
practically,4
past,4
fios,4
corian,4
financing,4
require,4
midwood,4
basin,4
750,4
based,4
bond,4
backsplashes,4
riverpointe,4
lb,4
dorchester,4
venue,4
dornbracht,4
railroad,4
wooster,4
mass,4
brook,4
fluted,4
award,4
team,4
parent,4
washington,4
bayside,4
underground,4
constructed,4
developer,4
highline,4
perched,4
oceana,4
updating,4
lantern,4
related,4
completing,3
71,3
brimming,3
serving,3
cuisine,3
flatbush,3
greene,3
terrazzo,3
perspective,3
surprisingly,3
enviable,3
smartly,3
happy,3
sport,3
academy,3
name,3
2025,3
recent,3
date,3
thing,3
case,3
standing,3
least,3
greenery,3
sconce,3
housed,3
taking,3
rubbed,3
illuminated,3
cetraruddy,3
69,3
10022,3
pierhouse,3
2015,3
utmost,3
church,3
lazy,3
county,3
spring,3
addl,3
112,3
lounging,3
else,3
hidden,3
defined,3
tottenville,3
3400,3
continue,3
weather,3
search,3
request,3
13,3
paired,3
modernization,3
capitalize,3
pride,3
comprised,3
walkup,3
length,3
68,3
foster,3
locale,3
active,3
crossroad,3
westerleigh,3
loaded,3
showerhead,3
franklin,3
woodwork,3
ornate,3
banister,3
exceptionally,3
2000,3
washing,3
proof,3
deemed,3
verify,3
highest,3
ultra,3
jewel,3
box,3
expect,3
vestibule,3
bound,3
fact,3
sheer,3
mother,3
rule,3
greenbriar,3
individually,3
artwork,3
electronic,3
ascending,3
33,3
18000,3
astor,3
mc,3
creativity,3
palatial,3
highlighting,3
lasting,3
fusion,3
suited,3
tishman,3
speyers,3
firm,3
jeanne,3
michaelis,3
boyd,3
hollander,3
drawing,3
inspiration,3
gaze,3
hoyts,3
comprising,3
reveals,3
preference,3
december,3
inclusive,3
38,3
2600,3
500,3
lane,3
106,3
notch,3
fabric,3
mean,3
cater,3
radiator,3
walkway,3
host,3
weekly,3
ongoing,3
fund,3
roller,3
duplexed,3
1400,3
lavish,3
abounds,3
1920,3
arrive,3
eating,3
smoking,3
royal,3
pedini,3
selected,3
nero,3
thermador,3
luxuriously,3
massage,3
manage,3
ticket,3
cabana,3
verrazzano,3
78,3
moreover,3
connection,3
organic,3
saving,3
220,3
couldnt,3
scene,3
juniper,3
valley,3
87,3
chateau,3
villa,3
archway,3
process,3
independence,3
warmer,3
evident,3
exploring,3
3600,3
2014,3
estimate,3
pickle,3
lawn,3
bbqs,3
expanding,3
wrought,3
throgs,3
household,3
usable,3
presence,3
locker,3
weight,3
restriction,3
475,3
slice,3
illuminating,3
1100,3
absolute,3
furry,3
lend,3
circuit,3
breaker,3
fuse,3
splashed,3
sundeck,3
continuous,3
110,3
definitely,3
towards,3
robert,3
stern,3
butler,3
esteemed,3
expanse,3
espresso,3
letting,3
charging,3
teak,3
whirlpool,3
sumptuous,3
smartphone,3
2027,3
using,3
starting,3
wireless,3
appealing,3
stepping,3
esplanade,3
yacht,3
traditional,3
idyllic,3
pharmacy,3
keeping,3
beneath,3
youve,3
lived,3
beloved,3
deluxe,3
excellence,3
pinnacle,3
mesmerizing,3
94,3
consisting,3
boardwalk,3
beckons,3
opulence,3
giant,3
planted,3
furnishing,3
generator,3
email,3
174,3
excitement,3
cedar,3
particular,3
850,3
fisher,3
frameless,3
culture,3
michelin,3
cap,3
springville,3
greenway,3
doorway,3
manor,3
liberty,3
85,3
limited,3
replete,3
columbia,3
immaculately,3
twentieth,3
lic,3
proper,3
since,3
selling,3
audio,3
navien,3
gloss,3
period,3
plymouth,3
eighteenth,3
stapleton,3
clothes,3
spray,3
fiftieth,3
seventeenth,3
neutral,3
originally,3
elevating,3
buildable,3
slate,3
consist,3
alley,3
350,3
scenery,3
400,3
1000000,3
closest,3
westside,3
uniquely,3
non,3
kingsbridge,3
starbucks,3
jet,3
different,3
4500,3
footprint,3
morningside,3
lay,3
280,3
mantle,3
feeling,3
51,3
175,3
following,3
soothing,3
blank,3
theater,3
premiere,3
myrtle,3
commodore,3
redesigned,3
lake,3
83,3
credit,3
thought,3
metronorth,3
battery,3
specialty,3
lover,3
la,3
chrome,3
palisade,3
better,3
maid,3
wish,3
713,3
specific,3
neighboring,3
chapter,3
willow,3
wardrobe,3
coved,3
purchased,3
wired,3
pick,3
bqe,3
tunnel,3
bryant,3
peloton,3
lexington,3
guarantor,3
percent,3
however,3
apply,3
intersection,3
device,3
assistance,3
motivated,3
274,3
temperature,3
someone,3
impress,3
fdr,3
sd,3
dine,3
follows,3
program,3
bergen,3
realty,3
broker,3
sanded,3
winning,3
barn,3
drink,3
interest,3
bxm,3
inwood,3
professionally,3
concourse,3
preserving,3
vein,3
closed,3
usage,3
united,3
nation,3
pitney,3
acquire,3
sofield,3
statuary,3
lefroy,3
technogym,3
citibikes,3
pizza,3
summit,3
147,3
centrale,3
undeniably,3
rail,3
34,3
seaport,3
reimagined,3
ink,3
opulent,3
chinatown,3
baccarat,3
bid,3
usher,3
159,3
xv,3
american,3
philip,3
furthermore,3
irving,3
italy,3
accented,3
harrison,3
onyx,3
region,3
bosche,3
stella,3
chatham,3
locates,2
belltel,2
turning,2
foodie,2
vendor,2
complementing,2
described,2
headquarters,2
telephone,2
sparkling,2
prized,2
fun,2
stimulating,2
nested,2
soar,2
underfoot,2
dramatically,2
intimacy,2
tandem,2
sofa,2
surprising,2
red,2
2426,2
maclay,2
homebuyers,2
reside,2
drench,2
soul,2
arrival,2
lift,2
coolest,2
certainly,2
really,2
unlike,2
experienced,2
marcus,2
garvey,2
shake,2
maya,2
sixteenth,2
wasted,2
richly,2
hued,2
salon,2
brilliantly,2
overhang,2
venus,2
leathered,2
textile,2
duly,2
filed,2
amendment,2
212,2
10023,2
centurion,2
595,2
bth,2
unveiled,2
meditation,2
mail,2
refrigerated,2
euro,2
countless,2
secret,2
treasure,2
gazing,2
staying,2
winter,2
conjunction,2
eclectic,2
concord,2
cooper,2
saturday,2
yankee,2
midland,2
278,2
2016,2
cardozo,2
grass,2
arc,2
matter,2
pleasure,2
us,2
seek,2
yes,2
watch,2
might,2
1931,2
glen,2
pickleball,2
claim,2
boulder,2
producer,2
couch,2
association,2
beside,2
maintains,2
rolos,2
pastry,2
treat,2
rudys,2
accurate,2
independently,2
sb,2
86,2
framed,2
anchored,2
brass,2
veined,2
squash,2
imagined,2
retains,2
carved,2
envisioned,2
money,2
throught,2
tangram,2
2033,2
biggest,2
thick,2
laguardia,2
1125,2
tpke,2
induction,2
attentive,2
mark,2
2059,2
saint,2
raymond,2
gastronomic,2
restful,2
confines,2
separately,2
cohesive,2
modernity,2
signature,2
patinated,2
stovetop,2
cream,2
boro,2
flowing,2
unwinding,2
alike,2
occupies,2
grant,2
occupant,2
fairly,2
warranty,2
inquire,2
248,2
lafayette,2
calvert,2
vaux,2
amusement,2
guarantee,2
1800,2
260,2
bell,2
finally,2
resort,2
smaller,2
unpack,2
settle,2
eagerly,2
applies,2
net,2
responsible,2
40000,2
sunbathing,2
staffed,2
secured,2
176,2
187,2
227,2
glacier,2
transforms,2
cooler,2
nexus,2
commode,2
arcade,2
42000,2
ues,2
whatever,2
curb,2
gate,2
fuel,2
olmstead,2
dance,2
adjustable,2
dm,2
match,2
pour,2
hottest,2
willing,2
cielo,2
sundrenched,2
met,2
item,2
cary,2
tamarkin,2
456,2
flight,2
refinement,2
reminiscent,2
whitney,2
integration,2
bit,2
1900,2
amboy,2
developed,2
sir,2
pietra,2
cantilever,2
plunge,2
460,2
inclusion,2
converge,2
streamlining,2
remaining,2
abated,2
attendant,2
grohe,2
cup,2
sac,2
deliver,2
modernized,2
painting,2
hiking,2
bloomingdale,2
drawn,2
offset,2
vz,2
type,2
370,2
application,2
jacobi,2
brilliant,2
pale,2
antique,2
rough,2
zinc,2
1929,2
bringing,2
anywhere,2
boat,2
material,2
none,2
joy,2
1300,2
huguenot,2
workspace,2
flanked,2
harmony,2
separating,2
famed,2
rosario,2
candela,2
draw,2
1960,2
science,2
tankless,2
contain,2
bulk,2
excluded,2
ambience,2
leased,2
contract,2
straight,2
ball,2
prince,2
flooding,2
preserve,2
final,2
beam,2
bruckner,2
finishing,2
seton,2
900,2
pound,2
2500,2
eltingville,2
ymca,2
crawl,2
sterling,2
centric,2
buzz,2
sunday,2
greenmarket,2
154,2
visit,2
faber,2
jenn,2
accessory,2
connaught,2
3100,2
exploration,2
goethals,2
720,2
motif,2
sweeping,2
brower,2
enjoyable,2
baychester,2
gazebo,2
xxx,2
amidst,2
grilling,2
catered,2
cocktail,2
104,2
wowed,2
plant,2
kossars,2
regal,2
corlears,2
definition,2
125,2
201,2
eleventh,2
russian,2
orthodox,2
detailed,2
reclaimed,2
protected,2
architecturally,2
national,2
register,2
unbelievable,2
36â,2
freezer,2
stopping,2
majestic,2
noteworthy,2
rebuilt,2
speaker,2
deserve,2
douglaston,2
beech,2
guaranteeing,2
sticker,2
horace,2
sit,2
shorehaven,2
clason,2
forgetting,2
simplifying,2
independent,2
rock,2
modernize,2
powell,2
cove,2
millennium,2
july,2
firework,2
lavishly,2
aria,2
136,2
carrying,2
600,2
balanced,2
utilize,2
phase,2
lazio,2
accommodation,2
williams,2
vibrancy,2
nycs,2
relishing,2
reflects,2
journey,2
pulse,2
educational,2
soiree,2
witness,2
become,2
concession,2
glistening,2
transferable,2
sustainable,2
glimpse,2
magic,2
placing,2
kip,2
sight,2
zen,2
nyu,2
storm,2
extend,2
blending,2
code,2
exquisitely,2
hang,2
knowing,2
usual,2
seeing,2
235,2
skim,2
retro,2
midnight,2
week,2
smoke,2
august,2
preparation,2
automatically,2
operated,2
crisp,2
dock,2
quintessential,2
characterized,2
spaciousness,2
dag,2
hammarskjold,2
233,2
un,2
hunter,2
610,2
cutting,2
contained,2
bookstore,2
le,2
handball,2
badge,2
aid,2
inlay,2
completion,2
begin,2
everyones,2
estimated,2
unveils,2
pursuit,2
mitsubishi,2
smooth,2
woodhaven,2
140,2
ratio,2
loan,2
590,2
storing,2
²,2
se,2
boarder,2
statue,2
whats,2
brazilian,2
chadwin,2
focal,2
dumbwaiter,2
mini,2
suitable,2
necessity,2
arm,2
myriad,2
lindenwood,2
capture,2
twin,2
2005,2
postwar,2
strip,2
willowbrook,2
staple,2
61,2
5112,2
beverley,2
1121,2
poliform,2
setback,2
stairway,2
deegan,2
homecrest,2
automatic,2
bidet,2
farm,2
103,2
daycare,2
sunnyside,2
wakefield,2
satisfaction,2
respite,2
liking,2
exclusivity,2
composed,2
commonwealth,2
131,2
proceed,2
restoration,2
aves,2
marshall,2
gutter,2
carriage,2
midst,2
corbin,2
handyman,2
arranged,2
kissena,2
standalone,2
delta,2
bull,2
nod,2
victorian,2
minor,2
cosmetic,2
speak,2
lender,2
fannie,2
mae,2
transporation,2
trash,2
skyview,2
jack,2
jill,2
nestle,2
cortlandt,2
fieldston,2
johnson,2
league,2
sign,2
quaint,2
noted,2
received,2
delighted,2
nothing,2
orion,2
integrates,2
maintaining,2
thirtieth,2
meader,2
96,2
jersey,2
meanwhile,2
pt,2
135,2
choose,2
fronted,2
wise,2
sidewalk,2
14364,2
phone,2
ups,2
liner,2
239,2
asset,2
transforming,2
consider,2
10000,2
cherrywood,2
newtown,2
sided,2
underneath,2
preparing,2
beige,2
embark,2
possible,2
overhead,2
385,2
cubic,2
glory,2
speed,2
catching,2
clothing,2
opposite,2
lighted,2
score,2
1167,2
spectrum,2
rcn,2
underway,2
thoroughfare,2
michael,2
elliptical,2
rockefeller,2
secondâ,2
av,2
114,2
treadmill,2
basic,2
allerton,2
guardia,2
containing,2
acclaimed,2
115,2
196,2
halfway,2
captain,2
suburbia,2
raised,2
land,2
renovate,2
5740,2
cheyney,2
travertine,2
bainbridge,2
malcolm,2
hanging,2
sec,2
delicious,2
often,2
gregory,2
responsibility,2
manufactured,2
glowing,2
follow,2
port,2
gwb,2
fourteenth,2
cleaner,2
luna,2
privilege,2
crosstown,2
reduction,2
ponit,2
herzog,2
meuron,2
instantly,2
austrian,2
smoked,2
consult,2
palm,2
vicinity,2
ask,2
guaranteed,2
narrow,2
elfa,2
76,2
upwards,2
cant,2
effect,2
handle,2
ice,2
maker,2
subleasing,2
deli,2
imported,2
mantel,2
hallmark,2
971,2
del,2
organized,2
cherished,2
selection,2
safety,2
compromised,2
devon,2
mosholu,2
53,2
joseph,2
fordham,2
montefiore,2
1075,2
filing,2
150,2
freestanding,2
52,2
cobblestoned,2
cast,2
waterford,2
barrel,2
301,2
indiana,2
bk,2
installation,2
124,2
2700,2
cornelia,2
availability,2
uptown,2
dozen,2
pleased,2
133,2
inlaid,2
calm,2
paneling,2
pair,2
streamlined,2
trade,2
silestone,2
municipal,2
wealth,2
twelfth,2
seasonal,2
pedestal,2
downing,2
film,2
700,2
neatly,2
counterspace,2
mixed,2
champalimaud,2
marno,2
illusion,2
rift,2
veneer,2
maquina,2
ebony,2
encompassing,2
pelli,2
reflective,2
body,2
crystalline,2
occupying,2
position,2
infuse,2
thanks,2
185,2
utrecht,2
ductless,2
admired,2
resulting,2
1500,2
brookfield,2
ritz,2
carlton,2
harrys,2
applicable,2
roll,2
chaise,2
charleston,2
juliet,2
marbled,2
prior,2
siematic,2
aluminum,2
cobblestone,2
meatpacking,2
541,2
education,2
although,2
february,2
8000,2
sublime,2
tilework,2
fidi,2
oculus,2
poggenpohl,2
distinguish,2
automation,2
digital,2
sculptural,2
206,2
quincy,2
gray,2
topped,2
amongst,2
institute,2
captivates,2
limitless,2
brightwater,2
234,2
marketplace,2
atop,2
pure,2
halsey,2
general,2
weirfield,2
spear,2
whilst,2
seventieth,2
norwood,2
exclusively,2
alternate,2
116,2
daughter,2
fireproof,2
engineered,2
swift,2
hutchinson,2
problem,2
kennedy,2
ramp,2
avery,2
sur,2
locate,2
rug,2
requirement,2
georgian,2
walker,2
tryon,2
bogardus,2
coa,2
mayfair,2
reality,2
downpayment,2
cristallo,2
pearl,2
343,2
fanning,2
1975,2
minimal,2
representation,2
forth,2
120,2
ami,2
118680,2
135600,2
152520,2
technology,2
chamber,2
œnew,2
2911,1
throggs,1
buhre,1
missed,1
cheerful,1
maturing,1
dekalb,1
timer,1
gage,1
tollner,1
alamo,1
drafthouse,1
bam,1
dumbos,1
preservation,1
commission,1
2004,1
2007,1
luxe,1
facer,1
stupendous,1
trifecta,1
alive,1
stretch,1
everywhere,1
townhouses,1
artful,1
winsome,1
trio,1
brightly,1
relationship,1
jennair,1
veneta,1
cucine,1
rhino,1
permeates,1
warming,1
resource,1
perch,1
treasured,1
isabella,1
spire,1
soulful,1
bliss,1
expires,1
2680,1
multifaceted,1
maintain,1
stylishly,1
covet,1
bigger,1
sweeten,1
territorial,1
somewhere,1
finger,1
marcusmeetsmalcolm,1
besides,1
luckily,1
snuggling,1
im,1
glad,1
asked,1
twentiethmmm,1
pedestrian,1
ive,1
fritz,1
billiard,1
amphitheater,1
barawine,1
pikine,1
angelous,1
kareem,1
abdul,1
jabbars,1
lastly,1
359,1
brief,1
southeastern,1
781,1
551,1
taj,1
mahal,1
2082,1
866,1
1016,1
surpass,1
expectation,1
immeasurable,1
projector,1
785,1
tribecas,1
riverfronts,1
2904,1
3762,1
eager,1
cooked,1
simplifies,1
sharing,1
laugh,1
sturdy,1
november,1
characterize,1
haier,1
dolomite,1
stile,1
daikin,1
soundproofed,1
lumen,1
artisan,1
brunch,1
zona,1
rosa,1
mesa,1
coyoacan,1
basik,1
imperial,1
lorimer,1
1296,1
det,1
ordinary,1
endeavor,1
zoom,1
highbridge,1
1994,1
cookout,1
residing,1
spend,1
jhs,1
gracefully,1
fluid,1
pickup,1
surface,1
fenestration,1
purest,1
changing,1
leaf,1
eternal,1
georgetown,1
oakwood,1
wash,1
liability,1
sidelight,1
permeate,1
pad,1
byâ,1
62,1
1131,1
color,1
matched,1
183,1
timberline,1
shingle,1
2010,1
harddwood,1
oregon,1
seperate,1
lustrous,1
bountiful,1
planked,1
bounce,1
think,1
parade,1
sunfilled,1
splash,1
craft,1
cusp,1
sectional,1
1240,1
1870,1
linden,1
mural,1
complimented,1
3085,1
1123,1
constant,1
roughly,1
significant,1
antica,1
decade,1
catania,1
picnicking,1
widowed,1
tropy,1
rusticated,1
charcoal,1
augmented,1
fhitting,1
squashrx,1
oxide,1
playing,1
winthrop,1
parkside,1
suny,1
downstate,1
hominess,1
drama,1
accentuate,1
stylemakers,1
enterprising,1
assured,1
icemaker,1
pastoral,1
finely,1
rustic,1
aligns,1
reinstated,1
demonstrates,1
wonderfully,1
spaced,1
remiss,1
skyrocket,1
acrosss,1
noble,1
carefree,1
legally,1
hoover,1
shoppes,1
wyck,1
supreme,1
bordered,1
395,1
laundromat,1
receives,1
nightstands,1
remote,1
762,1
theatrical,1
playhouse,1
citiquiet,1
soundproofing,1
entered,1
790,1
powerful,1
btu,1
wegmans,1
seasoned,1
inspire,1
compromising,1
staging,1
metered,1
homage,1
tradition,1
offsetting,1
recognized,1
timeout,1
magazine,1
globally,1
growth,1
evolution,1
horizon,1
discreetly,1
chore,1
1050,1
ave,1
approach,1
autonomy,1
join,1
228,1
boody,1
721,1
281,1
scarangella,1
adventurer,1
ceasar,1
average,1
banking,1
appraisal,1
describe,1
1998,1
1495,1
count,1
physical,1
characteristic,1
able,1
alternative,1
laurel,1
cheery,1
658,1
dime,1
1950,1
identical,1
756,1
5186,1
removel,1
everthing,1
insulation,1
safest,1
blessed,1
ligh,1
recess,1
169,1
294,1
waste,1
1776,1
3200,1
kuppersbusch,1
marina,1
endview,1
knoll,1
crescent,1
spuyten,1
duyvil,1
602,1
60000,1
casa,1
2054,1
bathe,1
varenna,1
franke,1
ann,1
sack,1
salvaggio,1
crema,1
comforting,1
255,1
teen,1
flagship,1
statement,1
1215,1
hole,1
dip,1
840,1
edison,1
picket,1
stairwell,1
79,1
undermount,1
flexed,1
929,1
rogers,1
bordering,1
interchangeable,1
maximal,1
increased,1
amble,1
consistent,1
turned,1
flavorful,1
customizable,1
modification,1
assist,1
greeting,1
450,1
searching,1
fashionistas,1
exhibit,1
yorker,1
œzenâ,1
uv,1
sustainability,1
polish,1
3871,1
lightstone,1
breaking,1
recipient,1
medal,1
expressive,1
redefined,1
cardosa,1
apuan,1
alp,1
tuscany,1
marquina,1
grigio,1
versilia,1
infinity,1
simulator,1
imax,1
observation,1
reservation,1
thirteenth,1
291,1
2300,1
egress,1
fortunate,1
inhabitant,1
heightened,1
artery,1
symbol,1
underscoring,1
pent,1
portray,1
arthouse,1
changed,1
doubt,1
trane,1
ph,1
centered,1
hundred,1
thousand,1
waterproof,1
gfci,1
spotlight,1
shoe,1
arden,1
disturb,1
indulgence,1
cape,1
1013,1
29,1
54,1
toe,1
individuality,1
eastchester,1
stripped,1
knob,1
hewn,1
sill,1
texture,1
screened,1
archeology,1
sensuous,1
enveloped,1
revered,1
helme,1
corbett,1
whose,1
il,1
cantinori,1
annandale,1
clutter,1
985,1
fingerboard,1
literally,1
hgtv,1
healthy,1
fixer,1
diamond,1
1450,1
usually,1
752,1
commitment,1
upkeep,1
flushings,1
unturned,1
maximizing,1
point,1
stress,1
exhale,1
quietly,1
basket,1
weave,1
separation,1
spirited,1
collectible,1
vintage,1
rounding,1
clayton,1
expwy,1
sprinker,1
stationary,1
hobby,1
mtc,1
ficarelle,1
3528,1
9574,1
neat,1
meik,1
excels,1
801,1
havemeyer,1
transferred,1
environmentally,1
alternatively,1
whitehall,1
759,1
sunroom,1
97,1
rolling,1
beaming,1
contemplation,1
echo,1
blackout,1
2034,1
playful,1
introspective,1
liveâ,1
cornerstone,1
fullfinished,1
homey,1
reasturants,1
transportaion,1
capturing,1
illumination,1
2616,1
opaque,1
rove,1
panasonic,1
maytag,1
fischer,1
interlocking,1
kraus,1
medeski,1
fleurco,1
revised,1
replacing,1
outdated,1
german,1
evolve,1
progression,1
tenure,1
appearance,1
marvel,1
keypad,1
bayonne,1
1028,1
handheld,1
toned,1
silver,1
paradiseâ,1
unforgettable,1
tight,1
knit,1
936,1
cpw,1
glamorous,1
incomparable,1
athletic,1
motor,1
alfresco,1
vernon,1
pathway,1
socrates,1
sculpture,1
noguchi,1
metropolis,1
701,1
362,1
greet,1
stool,1
blomberg,1
refridgerator,1
glazing,1
salugis,1
casino,1
ost,1
guy,1
bialy,1
softball,1
gutted,1
stud,1
2018,1
greets,1
involved,1
gone,1
regency,1
guard,1
2100,1
centerpiece,1
vantage,1
bookmatched,1
lasa,1
macchia,1
vecchia,1
graff,1
presently,1
colorful,1
brizo,1
duet,1
bathing,1
peekaboo,1
neptune,1
panorama,1
10â,1
skate,1
apple,1
jaw,1
dropping,1
unusual,1
amazed,1
tie,1
lovley,1
simple,1
click,1
calmness,1
waking,1
bird,1
toward,1
spilling,1
playgroup,1
expy,1
willingness,1
harbour,1
pointe,1
leave,1
vies,1
pave,1
bq,1
heartland,1
4000,1
grassy,1
overseeing,1
1889,1
deed,1
job,1
macneil,1
50000,1
exude,1
intelligently,1
optimize,1
dressed,1
mezzanine,1
anything,1
hexagon,1
sufficient,1
patiently,1
savo,1
brother,1
magnificently,1
completly,1
bricked,1
frank,1
1330,1
warmly,1
evoking,1
skill,1
adapt,1
belvedere,1
institution,1
937,1
malibu,1
oceanview,1
1394,1
lockable,1
sea,1
band,1
vacation,1
majestically,1
9038,1
shimmer,1
continues,1
florida,1
ruppert,1
528,1
install,1
nysc,1
clossst,1
discount,1
328,1
shack,1
dental,1
engineering,1
nursing,1
thermostatically,1
cogeneration,1
cypress,1
collect,1
lively,1
greater,1
155,1
getz,1
10312,1
zip,1
expanded,1
alarmed,1
higher,1
description,1
murphy,1
shutter,1
ptac,1
dimmable,1
chill,1
reed,1
negotiable,1
luxuriate,1
behold,1
interlude,1
monitored,1
ring,1
eliminate,1
olmsted,1
sister,1
emily,1
otway,1
expire,1
2032,1
imp,1
assess,1
encouraged,1
stampcrete,1
1982,1
br,1
hello,1
elmwood,1
foxwood,1
bklyn,1
bow,1
convienent,1
diningroom,1
1836,1
assignment,1
pre,1
reconfigured,1
1477,1
lenox,1
860,1
overflowing,1
lengthy,1
domaine,1
roosevelt,1
tramway,1
1228,1
barstool,1
louisiana,1
profitable,1
successful,1
1062,1
customize,1
soothe,1
replacement,1
copper,1
684,1
correll,1
1997,1
earn,1
digitally,1
adaptable,1
accompanied,1
venturing,1
productive,1
xpress,1
infusing,1
sonos,1
slip,1
xxl,1
carousel,1
bylaw,1
fha,1
1694,1
5â,1
matterport,1
interactive,1
cunningham,1
amc,1
724,1
charger,1
okay,1
debt,1
howard,1
aprox,1
832,1
mulitple,1
closests,1
conventiently,1
jamica,1
proxmity,1
533,1
81,1
8174,1
supply,1
nightstand,1
205,1
1182,1
viscon,1
15â,1
ã,1
25â,1
diningarea,1
pink,1
epoxy,1
parklike,1
4581,1
precisely,1
relative,1
squeaky,1
venting,1
widow,1
keuco,1
wanted,1
ignored,1
serviced,1
eurocave,1
send,1
beverage,1
weber,1
1906,1
abc,1
peacefulness,1
occupier,1
strategy,1
barclay,1
army,1
pacific,1
execute,1
carpeted,1
virgin,1
coin,1
221,1
colonnade,1
1980,1
atrium,1
idea,1
belong,1
pointed,1
banquet,1
otr,1
manchester,1
123,1
1961,1
economic,1
corporation,1
islander,1
visitor,1
par,1
diving,1
angies,1
1031,1
exchange,1
though,1
11203,1
valued,1
effective,1
blasted,1
cookie,1
cutter,1
18ã,1
blinding,1
incoming,1
apt,1
ewen,1
eatin,1
gigantic,1
drain,1
bi,1
rainy,1
snowy,1
gain,1
dig,1
grow,1
4100,1
roadway,1
religious,1
encompasses,1
thumb,1
mount,1
3016,1
bouck,1
easier,1
608,1
impressed,1
disappointed,1
provision,1
arguably,1
stretching,1
discretely,1
connecting,1
given,1
careful,1
mechanical,1
vanderbilt,1
readily,1
visible,1
elevates,1
146,1
practitioner,1
increase,1
starbuck,1
1006,1
1627,1
fire,1
thoughout,1
modest,1
relatively,1
stoop,1
bayswater,1
hue,1
schurtz,1
dagostino,1
duane,1
represented,1
237,1
2760,1
2280,1
kenmore,1
linoleum,1
swiftly,1
inventory,1
œ,1
qualified,1
11235,1
619000,1
1192,1
approximate,1
meaning,1
vent,1
fob,1
nighttime,1
managing,1
wisteria,1
task,1
4403,1
367,1
1550,1
1150,1
google,1
emtek,1
baldwin,1
seneca,1
wyckoff,1
cholita,1
julias,1
kathmmandu,1
pizzeria,1
panina,1
evil,1
brewing,1
topos,1
814,1
laurelton,1
collectively,1
informatiom,1
detahced,1
663,1
buffered,1
limiting,1
traveling,1
flaired,1
theme,1
440,1
newkirk,1
80607,1
hardest,1
encompassed,1
flatlands,1
waterviews,1
product,1
retractable,1
awning,1
netherland,1
supersized,1
_but_,1
study,1
reachable,1
ditch,1
directional,1
719,1
reduced,1
rebate,1
1865,1
riverdales,1
236,1
maurer,1
birdie,1
restsaurnats,1
tasking,1
extermination,1
lawncare,1
siuh,1
ferryhawks,1
brewery,1
posting,1
outerbridge,1
hesitate,1
bellerose,1
sizeable,1
requiring,1
suitcase,1
basking,1
courtesy,1
ingenious,1
secluded,1
towering,1
palestra,1
sundecks,1
september,1
sheetrock,1
directed,1
skimmed,1
casing,1
pictured,1
illustrate,1
1914,1
cliff,1
243,1
herman,1
lee,1
irregular,1
majority,1
intensely,1
interested,1
mayan,1
aztec,1
influence,1
terra,1
cotta,1
frieze,1
mountain,1
lion,1
buffalo,1
headed,1
snake,1
imagery,1
incorporated,1
geometric,1
foreshadow,1
soulcycle,1
ne,1
chilled,1
190,1
modernizing,1
3103,1
fairfield,1
141,1
mann,1
880,1
amenitized,1
1570,1
starred,1
jean,1
acme,1
global,1
753,1
verazzano,1
4629,1
particularly,1
fetching,1
source,1
notable,1
v,1
septic,1
blacktop,1
4364,1
birdseye,1
4800,1
1984,1
ft,1
2711,1
seymour,1
grandfathered,1
status,1
diversify,1
sector,1
freedom,1
synergy,1
existing,1
ecosystem,1
conducive,1
success,1
portfolio,1
pavered,1
624,1
leland,1
drying,1
pony,1
makeup,1
tool,1
mainted,1
pavement,1
56,1
sim,1
downgrade,1
latourette,1
remolded,1
311,1
packing,1
snack,1
equally,1
emmons,1
era,1
1917,1
repaint,1
removing,1
bespeaks,1
wrapped,1
serenely,1
645,1
glassed,1
thermo,1
foil,1
toaster,1
bedroomtwo,1
tiling,1
cerulean,1
majesty,1
berkeley,1
1086,1
verizon,1
mailroom,1
sunnysides,1
berkley,1
windmuller,1
rink,1
rfk,1
info,1
encased,1
marvelous,1
91,1
graf,1
hit,1
shortage,1
splendor,1
quintessentially,1
profile,1
frigidaire,1
425,1
vest,1
beginning,1
burled,1
therapy,1
morgan,1
saks,1
duplexâ,1
roomâ,1
configurationsâ,1
forâ,1
en,1
suiteâ,1
marbleâ,1
duel,1
featuresâ,1
centralized,1
trx,1
strap,1
attend,1
shift,1
466,1
prioritized,1
qoing,1
queensboro,1
meticoulously,1
accross,1
2006,1
5750,1
retailer,1
dorothy,1
bonawit,1
kole,1
busiest,1
richness,1
calling,1
breathtakingly,1
embodying,1
5219,1
bowne,1
parson,1
venetian,1
palesandro,1
nd,1
wic,1
fiske,1
ops,1
smartcard,1
woodlawn,1
saratogian,1
1957,1
regulation,1
mclean,1
glenridge,1
mew,1
646,1
314,1
disappoint,1
lamp,1
accounting,1
openness,1
sponsord,1
absoulutly,1
requierments,1
interview,1
whatsoever,1
soght,1
aok,1
planty,1
workmanship,1
client,1
advise,1
amounth,1
214,1
untill,1
june,1
junction,1
homepath,1
capable,1
forever,1
greenwood,1
weekday,1
coverage,1
budgeting,1
300,1
considering,1
1600,1
enlarged,1
promptly,1
intertwines,1
amplify,1
memorable,1
marriage,1
joyful,1
radiating,1
returning,1
descend,1
encounter,1
chez,1
oscar,1
milk,1
trad,1
poised,1
sunshade,1
autonomous,1
flourish,1
wild,1
homebuyer,1
1340,1
122,1
schulz,1
jay,1
agata,1
valentina,1
wholefoods,1
empty,1
oakland,1
templeton,1
ribbon,1
639,1
organizing,1
buidling,1
undergoing,1
assesments,1
766,1
brady,1
539,1
fostering,1
definite,1
displaying,1
backslashes,1
locally,1
bazzeo,1
2167,1
die,1
1936,1
stable,1
10300,1
3900,1
10299,1
residental,1
max,1
starter,1
ecology,1
683,1
349000,1
doggy,1
doctor,1
cell,1
hercules,1
mesmerized,1
wake,1
advertised,1
unabated,1
qualify,1
3183,1
loction,1
veiew,1
com,1
nohos,1
sandwiched,1
nolita,1
pritzker,1
prize,1
ian,1
schrager,1
became,1
1382,1
punctuated,1
convection,1
sculpted,1
trophy,1
unprecedented,1
accomodates,1
cutomized,1
ic,1
decorating,1
stafford,1
caddy,1
cornered,1
rising,1
similar,1
5601,1
expopsures,1
88,1
carroll,1
agnes,1
roman,1
catholic,1
shuffleboard,1
smith,1
trending,1
hugh,1
carey,1
inquiry,1
reliable,1
stain,1
mica,1
relocating,1
73,1
focus,1
bucolic,1
enjoyed,1
format,1
container,1
organizer,1
cage,1
supervisor,1
5102,1
bedroomâ,1
waterway,1
120000,1
delivering,1
internal,1
9511,1
executive,1
1397,1
northwest,1
meadowwood,1
mgmt,1
diner,1
arrived,1
1250,1
stuff,1
called,1
harway,1
theyve,1
sort,1
sublease,1
structured,1
ashy,1
grain,1
adore,1
northeast,1
uws,1
quieter,1
alone,1
expandable,1
darn,1
calming,1
revamped,1
entirely,1
performing,1
employ,1
doorperson,1
manger,1
doughnut,1
rating,1
brigham,1
revere,1
wainscotting,1
2951,1
ballys,1
locust,1
1130,1
hugenout,1
3320,1
dispenser,1
locked,1
reverse,1
landry,1
1890,1
7500,1
remainder,1
cardosastone,1
blanco,1
restorative,1
coldest,1
rejuvenate,1
becomes,1
eliminating,1
trip,1
socializing,1
epicenter,1
arrange,1
stee,1
parked,1
closer,1
sipping,1
madsen,1
chilliest,1
illuminate,1
engaging,1
prefer,1
mature,1
reduce,1
watering,1
envisioning,1
devonâ,1
tableau,1
exploit,1
clock,1
alternating,1
langone,1
340,1
maisonette,1
moderne,1
attributed,1
schafran,1
thomas,1
dunn,1
ca,1
1937,1
extant,1
cognoscenti,1
hip,1
nabe,1
cash,1
economical,1
actual,1
867,1
webster,1
ind,1
irt,1
reqd,1
advance,1
atty,1
acris,1
275,1
dof,1
spoil,1
fior,1
di,1
bosco,1
blu,1
bathworks,1
siberian,1
celebrates,1
broome,1
waterside,1
configuration,1
say,1
essentially,1
odds,1
10017,1
importantly,1
2933,1
2900,1
christopher,1
peacock,1
fitting,1
pipe,1
prominently,1
ascends,1
training,1
piano,1
roto,1
parkwood,1
appetite,1
cooled,1
recieved,1
refresh,1
earth,1
showstopper,1
hobart,1
gastro,1
pub,1
anytime,1
eligible,1
875,1
apr,1
orientation,1
juliette,1
enticing,1
wilderness,1
themed,1
canoe,1
unbelievably,1
532,1
vinyl,1
buying,1
vice,1
versa,1
garfield,1
321,1
telecom,1
docking,1
kissed,1
marsh,1
cavernous,1
confluence,1
œflatironâ,1
laden,1
mecca,1
minetta,1
tavern,1
beautifuly,1
filling,1
wiring,1
1004,1
966,1
137,1
939,1
ridgefield,1
lifeguard,1
dreaming,1
ecosmart,1
ventless,1
bookcase,1
98,1
dec,1
2026,1
repair,1
heavy,1
adjust,1
loveliest,1
bone,1
ipe,1
au,1
lair,1
camping,1
gear,1
festive,1
heel,1
518,1
brighten,1
asks,1
1292,1
stated,1
downsize,1
660,1
getting,1
accessing,1
gift,1
robern,1
turtle,1
fisp,1
3800,1
column,1
electrolux,1
dacor,1
dishware,1
anchor,1
1903,1
granting,1
depot,1
boy,1
adored,1
295,1
carerra,1
1855,1
687,1
hotwater,1
advertising,1
tech,1
forum,1
holland,1
photograph,1
rendering,1
refer,1
aesthetically,1
pleasing,1
fyi,1
princess,1
financially,1
lottery,1
responsive,1
regrettably,1
exemplifies,1
suydam,1
simultaneously,1
individualized,1
advantageous,1
astute,1
merging,1
capri,1
undercounter,1
dolomiti,1
kallista,1
cobalt,1
flash,1
corbelle,1
contrast,1
learning,1
ethereal,1
sheltered,1
porte,1
cochere,1
centrales,1
clarke,1
displayed,1
lightly,1
articulated,1
facet,1
terracotta,1
chevron,1
switchbacks,1
rhythm,1
angled,1
reflection,1
203,1
basks,1
heralding,1
energetic,1
whisk,1
revealing,1
suggests,1
quietude,1
effervescent,1
contributing,1
engage,1
presented,1
suggestion,1
invitation,1
personalize,1
1823,1
ahead,1
hydraulic,1
compression,1
holiday,1
whichever,1
conventionally,1
melting,1
trust,1
coner,1
unground,1
storeroom,1
2012,1
186,1
lt,1
petrosino,1
dorp,1
dessert,1
effecient,1
immersed,1
rainforest,1
atm,1
satellite,1
radio,1
westfield,1
ipic,1
beekman,1
fowler,1
wolfgang,1
puck,1
locanda,1
verde,1
nobu,1
bobby,1
wasnt,1
wtc,1
hermitage,1
strawberry,1
competitively,1
20243,1
expand,1
develop,1
6573,1
78876,1
3385,1
3188,1
pretty,1
typical,1
sporting,1
405,1
sewage,1
etched,1
spare,1
people,1
flat,1
bose,1
1932,1
trimmed,1
attends,1
attenuating,1
213,1
1059,1
butterflymx,1
revitalized,1
cheer,1
marathoner,1
pulaski,1
race,1
wnyc,1
transmitter,1
barge,1
attractively,1
racquetball,1
pollinator,1
decorator,1
amid,1
fountain,1
unending,1
versailles,1
privileged,1
hors,1
doeuvres,1
proportionally,1
payable,1
cleanliness,1
advised,1
identification,1
brokerage,1
agreement,1
order,1
http,1
www,1
gov,1
licensing,1
doc,1
fairhousingnotice_new,1
pdf,1
1619,1
modorized,1
ribbed,1
jerusalem,1
series,1
wife,1
enthusiasm,1
gossip,1
girl,1
blood,1
sutton,1
valuing,1
harmonizes,1
morado,1
cipollino,1
fabled,1
bleecker,1
1710,1
personalization,1
industry,1
pointing,1
homeownership,1
especially,1
2008,1
struck,1
tri,1
livable,1
144,1
œwowâ,1
factor,1
30ã,1
treated,1
glittering,1
aficionado,1
ismael,1
levya,1
ad,1
vincente,1
magical,1
submit,1
astonishing,1
734,1
creation,1
1738,1
clamor,1
conveys,1
planting,1
reflecting,1
proud,1
8216,1
fifteenth,1
bedooms,1
volume,1
capacity,1
core,1
cycle,1
repeat,1
favored,1
trend,1
koreatown,1
penn,1
2324,1
barely,1
fx,1
fowle,1
glow,1
sparkle,1
benjamin,1
noriega,1
ortiz,1
bello,1
calcutta,1
spanish,1
bruno,1
touchpad,1
compatible,1
fxfowle,1
alchemy,1
named,1
winner,1
awarded,1
society,1
registered,1
council,1
4600,1
april,1
550,1
cement,1
bella,1
introduce,1
elementary,1
salvation,1
compelling,1
snaidero,1
tundra,1
authentic,1
disappearing,1
proofed,1
unimpeded,1
leafy,1
mansion,1
pratt,1
cluster,1
creatively,1
raise,1
pursue,1
classon,1
bluestone,1
refrigerator,1
coffered,1
practice,1
630,1
1901,1
storied,1
bedstuy,1
reimagine,1
equity,1
crafting,1
retaining,1
integrate,1
4400,1
aquarium,1
kiddie,1
20ã,1
grandiose,1
spellbound,1
staggering,1
enormity,1
buffer,1
veritable,1
sens,1
adorn,1
incorporates,1
command,1
coupled,1
ale,1
craving,1
279,1
sqm,1
525,1
10011,1
chelseas,1
streetscapes,1
pin,1
romantic,1
dreamy,1
1880,1
manufacturing,1
1996,1
perquisite,1
1470,1
continuing,1
pass,1
han,1
performance,1
prepared,1
residentsâ,1
planter,1
pot,1
acquaintance,1
2011,1
hotspot,1
corrado,1
bread,1
armoire,1
superbly,1
findlay,1
prospectus,1
730002,1
bj,1
backing,1
confidently,1
1216,1
passthrough,1
meeting,1
blink,1
frederick,1
102,1
valid,1
2031,1
bths,1
edenwald,1
refridge,1
powered,1
accomodate,1
premesis,1
boston,1
aldi,1
chipotle,1
cheesecake,1
factory,1
aspiration,1
generosity,1
opposing,1
fhcc,1
citifield,1
going,1
pendant,1
amounting,1
flourishing,1
alarm,1
slomin,1
prepping,1
notification,1
2160,1
diversity,1
coastal,1
understatement,1
330,1
supersize,1
5000,1
tesla,1
connector,1
seaside,1
coney,1
amazon,1
finance,1
monday,1
noon,1
1526,1
930,1
1925,1
6937,1
307,1
northridge,1
ii,1
yeshiva,1
albert,1
einstein,1
mercy,1
calvary,1
campus,1
number,1
barbecuing,1
edgewater,1
brightest,1
vertical,1
contrasted,1
optimized,1
soffit,1
monitor,1
syncs,1
walkable,1
stellar,1
cu,1
splendid,1
11436,1
accuracy,1
2664,1
semiprivate,1
imaginable,1
leroy,1
cetra,1
ruddy,1
gymnasium,1
hoop,1
ping,1
pong,1
quentin,1
parquetted,1
chinese,1
gloved,1
waterline,1
cipriani,1
vin,1
vingt,1
peperino,1
morton,1
hawthorne,1
invaluable,1
williamsbridge,1
vacate,1
northbridge,1
delicate,1
suburb,1
woodmark,1
usa,1
got,1
uniformly,1
wallpaper,1
polite,1
lga,1
legged,1
jogger,1
bikers,1
maximizes,1
sponor,1
dyckman,1
ninetieth,1
actually,1
topography,1
entirety,1
cloister,1
despair,1
facilitating,1
carmel,1
cherish,1
831,1
77,1
prominent,1
soundproof,1
extravagance,1
amply,1
china,1
overseas,1
america,1
2301,1
10036,1
769,1
567,1
establish,1
1624,1
10469,1
getaway,1
peek,1
4827,1
murdock,1
divided,1
601,1
reconstructed,1
embracing,1
indeed,1
mexican,1
swoon,1
fare,1
chavelas,1
el,1
jeffe,1
cruz,1
taqueria,1
milear,1
existence,1
treelined,1
fashionista,1
ofcourse,1
example,1
enlightened,1
heatherwick,1
test,1
flank,1
dimensional,1
ethos,1
1804,1
refrigeration,1
suspended,1
convex,1
venato,1
109,1
nestos,1
emperador,1
hone,1
relateds,1
infrared,1
programmed,1
programming,1
preferred,1
elite,1
segment,1
fashion,1
corcoran,1
group,1
10001,1
todt,1
steady,1
12000,1
durability,1
zephyr,1
fantini,1
thermostatic,1
rejuvenation,1
radius,1
produce,1
artisanal,1
225,1
prewars,1
quartered,1
beachy,1
venatino,1
223,1
390,1
cabgram,1
4611,1
11219,1
decoration,1
illustrative,1
accordance,1
seaview,1
expired,1
1540,1
129,1
robust,1
limitation,1
capped,1
median,1
limit,1
169440,1
historically,1
continually,1
developing,1
greenpoints,1
authenticity,1
gritty,1
1910,1
honorable,1
salute,1
realize,1
breadth,1
radiate,1
farmhouse,1
iriving,1
father,1
2019,1
justice,1
louvered,1
enclosure,1
andre,1
balazs,1
tsao,1
mckown,1
reputation,1
devoted,1
320,1
taxi,1
reflect,1
balfour,1
undertaken,1
wheel,1
wi,1
fi,1
overnight,1
hhp,1
billed,1
blown,1
smallbone,1
dawkins,1
drapery,1
zeus,1
atlas,1
beveled,1
ralph,1
1927,1
operating,1
fa,1
2145,1
elli,1
international,1
signed,1
serhant,1
slce,1
1443,1
mercer,1
107â,1
owned,1
houston,1
166,1
2029,1
adaptability,1
zerega,1
hear,1
refurbished,1
frequently,1
aggressively,1
owning,1
previous,1
mosely,1
pvt,1
affording,1
hurry,1
170,1
180,1
shimamotos,1
brutalist,1
kelly,1
gruzen,1
merit,1
innovative,1
pivoting,1
representing,1
1959,1
1963,1
1965,1
documented,1
et,1
1960â,1
andrew,1
alpern,1
dakota,1
buildingsâ,1
elsleigh,1
530,1
338,1
cemented,1
1008,1
389000,1
bought,1
insulated,1
